Company,TypeName,Ram,OpSys,Weight,Price,PPI,Cpu processor,Gpu_brand,HDD,SSD,Hybrid,Flash_Storage
Apple,Ultrabook,8.0,Mac,1.34,47895.5232,127.67794013309688,Intel Core i5,Intel,0,0,0,128
HP,Notebook,8.0,Others/No OS/Linux,1.86,30636.0,141.21199808219862,Intel Core i5,Intel,0,256,0,0
Acer,Notebook,4.0,Windows,2.1,21312.0,100.45466986113652,AMD Processor,AMD,500,0,0,0
Apple,Ultrabook,8.0,Mac,1.34,61735.536,127.67794013309688,Intel Core i5,Intel,0,0,0,256
Acer,Ultrabook,8.0,Windows,1.6,41025.6,157.3505121487356,Intel Core i5,Intel,0,256,0,0
HP,Notebook,4.0,Others/No OS/Linux,1.86,20986.992,100.45466986113652,Intel Core i5,Intel,500,0,0,0
HP,Notebook,4.0,Others/No OS/Linux,1.86,18381.0672,141.21199808219862,Intel Core i3,Intel,500,0,0,0
Dell,Notebook,4.0,Windows,2.2,26581.392,141.21199808219862,Intel Core i3,AMD,0,256,0,0
Dell,Notebook,8.0,Windows,2.2,39693.6,141.21199808219862,Intel Core i7,AMD,0,256,0,0
Lenovo,Notebook,8.0,Others/No OS/Linux,2.2,26586.72,141.21199808219862,Intel Core i3,Nvidia,1000,0,0,0
Dell,Ultrabook,8.0,Windows,1.22,52161.12,165.6321180513006,Intel Core i5,Intel,0,128,0,0
Lenovo,Gaming,8.0,Windows,2.5,53226.72,141.21199808219862,Intel Core i5,Nvidia,1000,128,0,0
HP,Notebook,4.0,Others/No OS/Linux,1.86,13746.24,100.45466986113652,AMD Processor,AMD,500,0,0,0
Dell,2 in 1 Convertible,8.0,Windows,1.62,43636.32,165.6321180513006,Intel Core i5,Intel,0,256,0,0
HP,Ultrabook,8.0,Windows,1.91,35111.52,141.21199808219862,Intel Core i7,Intel,0,256,0,0
Dell,Notebook,4.0,Windows,2.3,22305.1392,100.45466986113652,Intel Core i3,Intel,1000,0,0,0
Apple,Ultrabook,8.0,Mac,1.35,58554.72,127.67794013309688,Intel Core i5,Intel,0,0,0,128
Dell,Notebook,8.0,Windows,2.2,42624.0,141.21199808219862,Intel Core i5,AMD,0,256,0,0
Dell,Ultrabook,8.0,Windows,1.88,69157.44,141.21199808219862,Intel Core i7,Intel,0,512,0,0
HP,Notebook,8.0,Windows,2.5,47738.88,127.33567457123112,Intel Core i5,Nvidia,1000,0,0,0
Other,Notebook,4.0,Windows,1.89,13053.0672,141.21199808219862,Other Intel Processor,Intel,0,0,0,64
Asus,Notebook,2.0,Windows,1.65,10602.72,111.93520355955212,AMD Processor,AMD,0,0,0,32
HP,Notebook,4.0,Windows,2.71,23389.92,127.33567457123112,AMD Processor,AMD,500,0,0,0
Apple,Ultrabook,8.0,Mac,1.35,53173.44,127.67794013309688,Intel Core i5,Intel,0,0,0,256
Lenovo,Notebook,4.0,Windows,1.44,13266.72,111.93520355955212,Other Intel Processor,Intel,0,0,0,64
Acer,Notebook,4.0,Others/No OS/Linux,2.1,19553.76,100.45466986113652,Intel Core i3,Intel,1000,0,0,0
Dell,Notebook,8.0,Windows,2.8,52161.12,127.33567457123112,Intel Core i5,AMD,1000,128,0,0
HP,Notebook,4.0,Windows,1.86,26037.4032,100.45466986113652,Intel Core i5,Intel,1000,0,0,0
HP,Notebook,8.0,Windows,2.1,46833.12,141.21199808219862,Intel Core i5,Nvidia,0,256,0,0
Asus,Notebook,4.0,Others/No OS/Linux,2.0,20725.92,141.21199808219862,Intel Core i3,Intel,1000,0,0,0
Asus,Notebook,8.0,Others/No OS/Linux,2.3,27864.9072,100.45466986113652,Intel Core i5,Nvidia,1000,0,0,0
Acer,Notebook,4.0,Windows,2.2,36336.96,141.21199808219862,Intel Core i5,Intel,0,256,0,0
Dell,2 in 1 Convertible,12.0,Windows,2.77,53226.72,127.33567457123112,Intel Core i5,Nvidia,1000,0,0,0
Asus,Gaming,8.0,Windows,3.2,69210.72,127.33567457123112,AMD Processor,AMD,1000,256,0,0
Dell,Notebook,4.0,Windows,2.3,34045.92,141.21199808219862,Intel Core i5,AMD,0,256,0,0
Asus,Notebook,4.0,Windows,2.8,24828.48,90.58340172449304,Other Intel Processor,Nvidia,1000,0,0,0
Acer,Notebook,8.0,Windows,2.2,44808.48,141.21199808219862,Intel Core i7,Nvidia,0,256,0,0
HP,Notebook,4.0,Windows,1.86,21231.5472,141.21199808219862,AMD Processor,AMD,0,256,0,0
HP,Notebook,8.0,Windows,1.49,58767.84,165.6321180513006,Intel Core i7,Intel,0,512,0,0
Acer,Notebook,4.0,Windows,2.4,20459.52,100.45466986113652,Intel Core i3,Intel,1000,0,0,0
Dell,Notebook,8.0,Windows,2.13,40908.384,141.21199808219862,Intel Core i7,AMD,0,256,0,0
HP,Notebook,4.0,Windows,1.91,23389.92,141.21199808219862,Intel Core i3,Intel,0,128,0,0
Asus,Notebook,4.0,Windows,2.0,31232.2032,100.45466986113652,Intel Core i5,Intel,0,256,0,0
Asus,Notebook,4.0,Others/No OS/Linux,2.0,22111.2,141.21199808219862,Intel Core i3,Intel,0,256,0,0
Dell,Ultrabook,8.0,Windows,1.7,46833.12,157.3505121487356,Intel Core i5,Intel,0,256,0,0
Lenovo,Notebook,8.0,Others/No OS/Linux,1.7,31914.72,157.3505121487356,Intel Core i3,Intel,0,256,0,0
Asus,Notebook,8.0,Windows,1.4,50136.48,157.3505121487356,Intel Core i5,Intel,0,256,0,0
HP,Notebook,8.0,Windows,1.86,36763.2,141.21199808219862,Intel Core i5,Intel,0,256,0,0
HP,Notebook,4.0,Windows,1.86,23373.4032,100.45466986113652,Intel Core i3,AMD,500,0,0,0
HP,Notebook,4.0,Windows,1.44,12201.12,111.93520355955212,Other Intel Processor,Intel,0,32,0,0
Lenovo,Notebook,4.0,Windows,1.9,29250.72,141.21199808219862,Intel Core i5,Intel,1000,0,0,0
Asus,Gaming,12.0,Others/No OS/Linux,3.0,50562.72,127.33567457123112,Intel Core i7,Nvidia,1000,0,0,0
Other,Ultrabook,4.0,Windows,1.252,58021.92,200.84255993695703,Intel Core i5,Intel,0,128,0,0
Dell,Notebook,8.0,Windows,2.2,46353.6,141.21199808219862,Intel Core i7,AMD,0,256,0,0
MSI,Gaming,8.0,Windows,2.7,58341.6,127.33567457123112,Intel Core i5,Nvidia,1000,128,0,0
Acer,Notebook,8.0,Windows,2.1,20725.92,111.93520355955212,Intel Core i3,Intel,1000,0,0,0
Asus,Gaming,8.0,Windows,2.2,50562.72,141.21199808219862,Intel Core i7,Nvidia,1000,0,0,0
Lenovo,Notebook,8.0,Others/No OS/Linux,2.2,27652.32,141.21199808219862,Intel Core i5,Intel,2000,0,0,0
Dell,Notebook,8.0,Windows,2.02,45554.4,141.21199808219862,Intel Core i7,Intel,1000,128,0,0
Acer,Notebook,4.0,Windows,2.2,28238.4,141.21199808219862,Intel Core i3,Nvidia,1000,0,0,0
HP,Notebook,8.0,Windows,2.5,52054.56,127.33567457123112,Intel Core i5,Nvidia,1000,128,0,0
Dell,Ultrabook,8.0,Windows,1.88,58403.4048,141.21199808219862,Intel Core i5,Intel,0,256,0,0
HP,Notebook,8.0,Windows,1.63,45820.8,157.3505121487356,Intel Core i5,Intel,0,256,0,0
Lenovo,Notebook,4.0,Windows,2.2,21258.72,141.21199808219862,AMD Processor,AMD,0,128,0,0
Acer,Notebook,4.0,Windows,2.1,21045.6,100.45466986113652,AMD Processor,AMD,1000,0,0,0
HP,Ultrabook,8.0,Windows,1.83,37242.72,141.21199808219862,Intel Core i7,Nvidia,0,256,0,0
HP,Notebook,8.0,Windows,1.96,31914.1872,141.21199808219862,Intel Core i5,Intel,0,256,0,0
Dell,Ultrabook,8.0,Windows,1.21,87858.72,165.6321180513006,Intel Core i7,Intel,0,256,0,0
Asus,Gaming,8.0,Windows,2.45,37242.72,141.21199808219862,AMD Processor,AMD,1000,0,0,0
Acer,Notebook,2.0,Windows,2.2,36709.92,141.21199808219862,Intel Core i7,Nvidia,1000,0,0,0
Dell,Gaming,8.0,Windows,2.65,63669.6,141.21199808219862,Intel Core i5,Nvidia,0,256,0,0
Asus,Ultrabook,8.0,Windows,1.25,55890.72,157.3505121487356,Intel Core i7,Intel,0,256,0,0
Acer,2 in 1 Convertible,8.0,Windows,1.5,45128.16,165.6321180513006,Intel Core i5,Intel,0,256,0,0
Dell,Notebook,8.0,Others/No OS/Linux,2.2,31962.672,141.21199808219862,Intel Core i7,AMD,1000,0,0,0
Dell,Notebook,4.0,Others/No OS/Linux,2.2,25840.8,141.21199808219862,Intel Core i3,AMD,0,256,0,0
Asus,Notebook,6.0,Windows,2.0,30742.56,141.21199808219862,Intel Core i3,Nvidia,0,256,0,0
HP,Gaming,12.0,Windows,2.62,66546.72,141.21199808219862,Intel Core i7,Nvidia,1000,128,0,0
HP,Notebook,8.0,Windows,1.91,38308.32,141.21199808219862,Intel Core i7,AMD,0,256,0,0
HP,Notebook,4.0,Windows,2.1,18594.72,141.21199808219862,AMD Processor,AMD,500,0,0,0
Dell,Notebook,8.0,Others/No OS/Linux,2.2,34472.16,141.21199808219862,Intel Core i5,AMD,1000,0,0,0
HP,Ultrabook,8.0,Windows,1.38,59620.32,165.6321180513006,Intel Core i7,Nvidia,0,256,0,0
Other,Ultrabook,8.0,Windows,1.252,71395.2,200.84255993695703,Intel Core i5,Intel,0,256,0,0
HP,Notebook,6.0,Windows,1.58,35111.52,157.3505121487356,Intel Core i5,Nvidia,0,256,0,0
Lenovo,Notebook,4.0,Windows,1.85,22105.872,141.21199808219862,Intel Core i3,Intel,1000,0,0,0
Asus,Ultrabook,8.0,Windows,1.3,63563.04,157.3505121487356,Intel Core i7,Nvidia,0,256,0,0
Lenovo,Notebook,8.0,Windows,1.58,78854.4,157.3505121487356,Intel Core i7,Intel,0,256,0,0
Lenovo,2 in 1 Convertible,8.0,Windows,1.37,74538.72,165.6321180513006,Intel Core i5,Intel,0,256,0,0
HP,Notebook,4.0,Windows,1.63,38468.16,111.93520355955212,Intel Core i5,Intel,500,0,0,0
Dell,Ultrabook,8.0,Windows,1.21,86793.12,165.6321180513006,Intel Core i5,Intel,0,256,0,0
HP,Notebook,8.0,Windows,1.63,57755.52,157.3505121487356,Intel Core i7,Intel,0,512,0,0
Dell,Notebook,8.0,Windows,2.16,60223.9824,141.21199808219862,Intel Core i7,Nvidia,1000,256,0,0
Asus,Notebook,4.0,Windows,2.0,30049.92,127.33567457123112,Intel Core i3,Nvidia,1000,0,0,0
Asus,Notebook,8.0,Windows,1.7,59567.04,141.21199808219862,Intel Core i7,Nvidia,0,256,0,0
Acer,Notebook,6.0,Windows,2.1,25521.12,141.21199808219862,Intel Core i3,Intel,1000,0,0,0
Lenovo,Notebook,8.0,Others/No OS/Linux,2.2,33513.12,141.21199808219862,Intel Core i5,Nvidia,0,256,0,0
Acer,Notebook,4.0,Windows,2.1,24029.28,100.45466986113652,AMD Processor,AMD,0,256,0,0
HP,Notebook,8.0,Windows,1.63,43263.36,157.3505121487356,Intel Core i5,Intel,1000,0,0,0
Asus,Notebook,4.0,Windows,1.65,14811.3072,111.93520355955212,AMD Processor,AMD,0,64,0,0
HP,Notebook,8.0,Windows,2.5,49443.84,127.33567457123112,Intel Core i5,Intel,0,256,0,0
Dell,Notebook,8.0,Windows,2.36,34045.3872,100.45466986113652,Intel Core i5,AMD,1000,0,0,0
Dell,Notebook,4.0,Windows,2.2,23922.72,141.21199808219862,Intel Core i3,AMD,1000,0,0,0
Acer,Ultrabook,8.0,Windows,1.6,47099.52,157.3505121487356,Intel Core i7,Intel,0,256,0,0
HP,Notebook,8.0,Windows,2.05,31861.44,100.45466986113652,Intel Core i7,Intel,1000,0,0,0
HP,Notebook,8.0,Windows,1.63,52640.64,157.3505121487356,Intel Core i7,Intel,0,256,0,0
Lenovo,Notebook,4.0,Others/No OS/Linux,1.9,13445.7408,100.45466986113652,Other Intel Processor,Intel,1000,0,0,0
Asus,Gaming,8.0,Windows,3.0,49976.64,127.33567457123112,Intel Core i5,Nvidia,1000,128,0,0
Lenovo,Notebook,4.0,Others/No OS/Linux,2.2,26586.72,141.21199808219862,Intel Core i5,Nvidia,1000,0,0,0
HP,Notebook,4.0,Windows,1.32,37242.72,165.6321180513006,Intel Core i5,Intel,0,256,0,0
Acer,Notebook,4.0,Windows,3.0,34898.4,127.33567457123112,Intel Core i3,Nvidia,1000,0,0,0
Lenovo,Notebook,8.0,Windows,1.75,59461.5456,157.3505121487356,Intel Core i5,AMD,0,256,0,0
Lenovo,Gaming,8.0,Others/No OS/Linux,2.4,46300.32,141.21199808219862,Intel Core i7,Nvidia,0,256,0,0
Toshiba,Notebook,4.0,Windows,2.1,32074.56,100.45466986113652,Intel Core i5,Intel,500,0,0,0
HP,Notebook,4.0,Windows,1.86,19660.32,100.45466986113652,AMD Processor,AMD,0,256,0,0
Asus,Ultrabook,8.0,Windows,1.25,58554.72,157.3505121487356,Intel Core i7,Intel,0,256,0,0
Asus,Notebook,4.0,Windows,2.0,18328.32,141.21199808219862,Other Intel Processor,Intel,1000,0,0,0
Acer,Notebook,4.0,Windows,2.1,23816.16,100.45466986113652,Intel Core i3,Intel,1000,0,0,0
Dell,Gaming,8.0,Windows,2.62,47898.72,141.21199808219862,Intel Core i7,Nvidia,0,0,1000,0
Lenovo,Notebook,4.0,Windows,1.9,26533.44,100.45466986113652,Intel Core i5,Intel,0,128,0,0
HP,Ultrabook,4.0,Windows,1.48,57648.96,157.3505121487356,Intel Core i5,Intel,0,256,0,0
HP,Notebook,6.0,Windows,1.91,32980.32,141.21199808219862,Intel Core i5,AMD,0,256,0,0
Lenovo,2 in 1 Convertible,4.0,Windows,1.74,33513.12,157.3505121487356,Intel Core i3,Intel,0,256,0,0
Asus,2 in 1 Convertible,8.0,Windows,1.1,70063.2,165.6321180513006,Intel Core i5,Intel,0,256,0,0
Dell,2 in 1 Convertible,8.0,Windows,1.56,55890.72,141.21199808219862,Intel Core i7,Intel,0,256,0,0
Toshiba,Notebook,4.0,Windows,2.1,23816.16,100.45466986113652,Intel Core i3,Intel,500,0,0,0
Asus,Notebook,4.0,Windows,2.03,21471.84,100.45466986113652,AMD Processor,AMD,1000,0,0,0
Acer,Notebook,4.0,Windows,3.0,42890.4,127.33567457123112,Intel Core i5,Nvidia,0,256,0,0
Dell,Notebook,8.0,Windows,2.13,38787.84,141.21199808219862,Intel Core i5,AMD,0,256,0,0
Acer,Notebook,4.0,Windows,2.1,18541.44,100.45466986113652,Other Intel Processor,Intel,1000,0,0,0
Acer,Notebook,4.0,Windows,2.1,19367.8128,100.45466986113652,Other Intel Processor,Intel,1000,0,0,0
Dell,Gaming,8.0,Windows,2.56,56502.9072,141.21199808219862,Intel Core i7,Nvidia,1000,128,0,0
Acer,Notebook,8.0,Windows,3.0,45501.12,127.33567457123112,Intel Core i5,Nvidia,0,256,0,0
HP,Notebook,4.0,Windows,1.49,40173.12,165.6321180513006,Intel Core i5,Intel,500,0,0,0
Other,Ultrabook,8.0,Windows,1.05,71874.72,199.69207064108247,Intel Core i5,Intel,0,256,0,0
HP,Notebook,6.0,Windows,2.71,37242.72,127.33567457123112,Intel Core i5,AMD,2000,0,0,0
Lenovo,Notebook,4.0,Others/No OS/Linux,2.2,16463.52,100.45466986113652,AMD Processor,AMD,500,0,0,0
HP,Notebook,8.0,Windows,2.5,49177.44,127.33567457123112,Intel Core i5,Nvidia,0,256,0,0
Dell,Notebook,8.0,Windows,2.3,24455.52,100.45466986113652,Intel Core i3,Intel,1000,0,0,0
Acer,Notebook,4.0,Windows,2.1,23922.72,100.45466986113652,Intel Core i3,Intel,0,128,0,0
Lenovo,Notebook,8.0,Windows,1.9,43316.64,141.21199808219862,Intel Core i5,AMD,1000,128,0,0
Dell,Ultrabook,8.0,Windows,1.23,74538.72,165.6321180513006,Intel Core i5,Intel,0,256,0,0
Toshiba,Notebook,8.0,Windows,2.0,42251.04,100.45466986113652,Intel Core i5,Intel,0,128,0,0
Other,Notebook,8.0,Others/No OS/Linux,1.95,63882.72,141.21199808219862,Intel Core i5,Nvidia,0,256,0,0
Lenovo,Gaming,8.0,Others/No OS/Linux,2.4,41505.12,141.21199808219862,Intel Core i5,Nvidia,0,256,0,0
Acer,Ultrabook,8.0,Windows,1.12,52693.92,165.6321180513006,Intel Core i5,Intel,0,256,0,0
Dell,Notebook,8.0,Windows,2.8,57808.8,127.33567457123112,Intel Core i7,AMD,1000,128,0,0
Other,Notebook,4.0,Windows,1.3,13852.8,157.3505121487356,Other Intel Processor,Intel,0,0,0,32
Other,Ultrabook,8.0,Others/No OS/Linux,1.3,53274.672,165.6321180513006,Intel Core i5,Nvidia,0,256,0,0
Lenovo,Notebook,8.0,Others/No OS/Linux,2.8,37189.44,106.11306214269258,Intel Core i5,Nvidia,0,256,0,0
Dell,2 in 1 Convertible,8.0,Windows,1.62,44701.92,165.6321180513006,Intel Core i7,Intel,1000,0,0,0
HP,Notebook,8.0,Windows,2.5,48697.92,127.33567457123112,Intel Core i5,Nvidia,1000,0,0,0
HP,Notebook,8.0,Windows,1.49,51095.52,165.6321180513006,Intel Core i5,Intel,0,512,0,0
HP,Notebook,8.0,Windows,2.5,55677.6,127.33567457123112,Intel Core i7,Nvidia,0,256,0,0
Lenovo,Notebook,4.0,Windows,2.1,26267.04,100.45466986113652,Intel Core i5,Intel,0,128,0,0
Acer,Notebook,8.0,Windows,2.23,39533.76,141.21199808219862,Intel Core i7,Nvidia,1000,0,0,0
Dell,Notebook,6.0,Windows,2.3,23389.92,100.45466986113652,Intel Core i3,Intel,1000,0,0,0
Dell,Ultrabook,8.0,Windows,2.04,77202.72,165.6321180513006,Intel Core i7,Intel,0,256,0,0
Acer,Notebook,8.0,Others/No OS/Linux,2.4,41505.12,141.21199808219862,Intel Core i7,Nvidia,1000,0,0,0
HP,Notebook,4.0,Others/No OS/Linux,2.1,18594.72,141.21199808219862,Intel Core i3,Intel,500,0,0,0
Lenovo,Notebook,8.0,Others/No OS/Linux,2.2,29250.72,141.21199808219862,Intel Core i5,Intel,0,256,0,0
Other,Ultrabook,8.0,Windows,1.05,79866.72,199.69207064108247,Intel Core i7,Intel,0,512,0,0
Dell,Ultrabook,8.0,Windows,1.4,49650.5664,165.6321180513006,Intel Core i7,AMD,0,256,0,0
Lenovo,Notebook,8.0,Others/No OS/Linux,2.8,31381.92,106.11306214269258,Intel Core i5,Nvidia,1000,0,0,0
HP,Notebook,8.0,Windows,1.63,54931.68,157.3505121487356,Intel Core i7,Nvidia,0,256,0,0
Dell,Ultrabook,8.0,Windows,1.6,61218.72,157.3505121487356,Intel Core i5,Intel,0,256,0,0
Dell,Notebook,8.0,Others/No OS/Linux,2.2,36089.208,141.21199808219862,Intel Core i5,AMD,0,256,0,0
Lenovo,2 in 1 Convertible,8.0,Windows,1.74,47898.72,157.3505121487356,Intel Core i5,Intel,0,256,0,0
Toshiba,Ultrabook,8.0,Windows,1.2,72620.64,165.6321180513006,Intel Core i7,Intel,0,256,0,0
HP,Notebook,8.0,Windows,2.1,42304.32,141.21199808219862,Intel Core i5,Intel,1000,0,0,0
Acer,Notebook,8.0,Windows,2.2,44328.96,141.21199808219862,Intel Core i7,Nvidia,0,256,0,0
Asus,Notebook,8.0,Windows,2.0,40972.32,141.21199808219862,Intel Core i5,Nvidia,0,256,0,0
Asus,Notebook,8.0,Windows,2.69,47472.48,127.33567457123112,Intel Core i5,Nvidia,500,256,0,0
HP,Notebook,8.0,Windows,1.9,67612.32,141.21199808219862,Intel Core i7,AMD,1000,0,0,0
Asus,Notebook,4.0,Windows,2.37,21258.1872,100.45466986113652,Intel Core i3,Intel,1000,0,0,0
HP,Notebook,4.0,Windows,2.1,17582.4,100.45466986113652,AMD Processor,AMD,500,0,0,0
Dell,Notebook,8.0,Windows,1.6,45767.52,157.3505121487356,Intel Core i5,Intel,0,256,0,0
Acer,2 in 1 Convertible,8.0,Windows,1.6,36709.92,165.6321180513006,Intel Core i5,Intel,0,256,0,0
Acer,Notebook,4.0,Others/No OS/Linux,2.1,20779.2,100.45466986113652,Intel Core i3,Intel,1000,0,0,0
Asus,Notebook,4.0,Windows,2.2,30636.0,141.21199808219862,AMD Processor,AMD,1000,128,0,0
Acer,Gaming,8.0,Windows,2.5,45074.88,141.21199808219862,Intel Core i5,Nvidia,0,256,0,0
Asus,Notebook,8.0,Windows,2.1,61005.6,127.33567457123112,Intel Core i7,Nvidia,1000,128,0,0
Asus,Notebook,8.0,Others/No OS/Linux,2.69,47365.92,127.33567457123112,Intel Core i7,Nvidia,1000,128,0,0
Dell,Gaming,8.0,Windows,2.56,46833.12,141.21199808219862,Intel Core i5,Nvidia,0,256,0,0
Lenovo,2 in 1 Convertible,8.0,Windows,1.38,57489.12,158.48253022174808,Intel Core i7,Intel,0,256,0,0
Dell,Notebook,8.0,Windows,2.2,52480.8,141.21199808219862,Intel Core i7,AMD,2000,128,0,0
HP,Notebook,8.0,Windows,2.04,29783.52,100.45466986113652,Intel Core i5,Intel,1000,0,0,0
HP,Notebook,4.0,Windows,1.49,35964.0,165.6321180513006,Intel Core i5,Intel,500,0,0,0
Dell,2 in 1 Convertible,8.0,Windows,2.08,43636.32,141.21199808219862,Intel Core i7,Intel,1000,0,0,0
Asus,Notebook,4.0,Windows,1.68,24988.32,100.45466986113652,AMD Processor,AMD,1000,0,0,0
Lenovo,2 in 1 Convertible,8.0,Windows,1.37,98514.72,158.48253022174808,Intel Core i7,Intel,0,512,0,0
Acer,Notebook,4.0,Windows,3.0,37402.56,127.33567457123112,Intel Core i3,Nvidia,0,256,0,0
Dell,Ultrabook,8.0,Windows,1.41,50562.72,165.6321180513006,Intel Core i5,Intel,0,256,0,0
HP,Notebook,8.0,Windows,1.91,23757.552,100.45466986113652,AMD Processor,AMD,0,128,0,0
Lenovo,2 in 1 Convertible,8.0,Windows,2.0,90522.72,141.21199808219862,Intel Core i7,Nvidia,0,512,0,0
Dell,Notebook,8.0,Windows,2.8,60845.76,127.33567457123112,Intel Core i7,AMD,1000,128,0,0
Lenovo,Notebook,4.0,Others/No OS/Linux,2.2,23656.32,141.21199808219862,Intel Core i3,Intel,0,256,0,0
HP,Notebook,4.0,Windows,2.1,38468.16,141.21199808219862,Intel Core i5,Intel,500,0,0,0
Dell,Notebook,4.0,Windows,2.18,35004.96,141.21199808219862,Intel Core i5,Intel,1000,0,0,0
Dell,Notebook,8.0,Windows,2.24,30103.2,141.21199808219862,Intel Core i5,AMD,1000,0,0,0
Dell,2 in 1 Convertible,8.0,Windows,2.67,42570.72,141.21199808219862,Intel Core i5,Intel,0,256,0,0
HP,Notebook,8.0,Windows,2.5,54239.04,127.33567457123112,Intel Core i7,Nvidia,1000,0,0,0
Lenovo,Notebook,8.0,Windows,2.05,46886.4,141.21199808219862,Intel Core i7,Intel,0,256,0,0
Dell,Notebook,8.0,Others/No OS/Linux,2.14,39164.5296,141.21199808219862,Intel Core i7,AMD,0,256,0,0
Toshiba,Notebook,8.0,Windows,2.2,43263.36,100.45466986113652,Intel Core i7,Nvidia,500,0,0,0
Dell,Notebook,12.0,Windows,2.3,37992.3696,100.45466986113652,Intel Core i7,Intel,1000,0,0,0
Dell,Notebook,8.0,Others/No OS/Linux,2.8,58554.72,127.33567457123112,Intel Core i7,AMD,1000,128,0,0
Acer,Notebook,8.0,Windows,2.2,39693.6,141.21199808219862,Intel Core i7,Nvidia,1000,0,0,0
Lenovo,Notebook,4.0,Windows,2.8,26053.92,106.11306214269258,Intel Core i3,Intel,1000,0,0,0
Lenovo,Notebook,8.0,Others/No OS/Linux,2.8,45234.72,127.33567457123112,Intel Core i7,Nvidia,2000,0,0,0
Lenovo,Notebook,6.0,Windows,2.8,45767.52,106.11306214269258,Intel Core i7,Nvidia,1000,128,0,0
Dell,Notebook,4.0,Others/No OS/Linux,2.25,22803.84,141.21199808219862,Intel Core i3,AMD,1000,0,0,0
Lenovo,Gaming,8.0,Windows,2.5,44169.12,141.21199808219862,Intel Core i5,Nvidia,0,256,0,0
Lenovo,Notebook,6.0,Windows,2.2,30849.12,141.21199808219862,Intel Core i5,Intel,0,256,0,0
Acer,Notebook,8.0,Windows,3.0,50669.28,141.21199808219862,Intel Core i7,Nvidia,0,256,0,0
Acer,Notebook,12.0,Windows,2.15,35111.52,141.21199808219862,Intel Core i7,Intel,1000,0,0,0
Lenovo,Notebook,8.0,Windows,1.95,58448.16,141.21199808219862,Intel Core i7,Intel,0,256,0,0
Asus,Ultrabook,8.0,Windows,1.7,52054.56,141.21199808219862,Intel Core i5,Nvidia,0,256,0,0
Lenovo,Notebook,8.0,Others/No OS/Linux,2.2,35112.0528,141.21199808219862,Intel Core i7,Nvidia,1000,0,0,0
Acer,Notebook,2.0,Others/No OS/Linux,2.19,10602.72,100.45466986113652,Other Intel Processor,Intel,0,16,0,0
Asus,Gaming,8.0,Windows,3.0,63243.36,127.33567457123112,Intel Core i7,Nvidia,1000,0,0,0
HP,Notebook,8.0,Windows,2.54,26053.92,106.11306214269258,Intel Core i3,Intel,1000,0,0,0
Dell,Notebook,8.0,Windows,2.0,97449.12,141.21199808219862,Intel Core i7,Nvidia,0,256,0,0
Lenovo,Notebook,8.0,Windows,2.05,39373.92,141.21199808219862,Intel Core i5,Intel,0,256,0,0
Lenovo,Gaming,8.0,Windows,3.2,69210.72,141.21199808219862,Intel Core i7,Nvidia,1000,0,0,0
Acer,Notebook,8.0,Others/No OS/Linux,2.5,52161.12,141.21199808219862,Intel Core i7,Nvidia,0,256,0,0
Lenovo,Notebook,6.0,Windows,2.4,26586.72,141.21199808219862,AMD Processor,AMD,1000,0,0,0
Asus,Notebook,4.0,Windows,1.3,27119.52,111.93520355955212,Intel Core i3,Intel,0,128,0,0
Lenovo,Notebook,8.0,Others/No OS/Linux,2.2,29250.72,100.45466986113652,Intel Core i5,Nvidia,2000,0,0,0
Asus,Gaming,8.0,Windows,2.5,67399.2,141.21199808219862,Intel Core i7,Nvidia,1000,128,0,0
Lenovo,Notebook,4.0,Others/No OS/Linux,2.2,19180.2672,100.45466986113652,Other Intel Processor,Intel,1000,0,0,0
Toshiba,Notebook,8.0,Windows,2.2,55571.04,141.21199808219862,Intel Core i7,Nvidia,0,256,0,0
Lenovo,Notebook,8.0,Windows,2.3,43636.32,141.21199808219862,Intel Core i5,Nvidia,1000,128,0,0
HP,Notebook,4.0,Windows,1.86,24988.32,141.21199808219862,Intel Core i3,Intel,1000,0,0,0
Lenovo,Notebook,8.0,Windows,1.1,53226.72,165.6321180513006,Intel Core i5,Intel,0,256,0,0
Acer,Notebook,8.0,Windows,2.23,24988.32,141.21199808219862,AMD Processor,AMD,0,256,0,0
Asus,2 in 1 Convertible,2.0,Windows,1.1,14652.0,135.0942111925629,Other Intel Processor,Intel,0,0,0,32
Dell,Notebook,8.0,Windows,2.33,44968.32,141.21199808219862,Intel Core i5,AMD,1000,128,0,0
Lenovo,Notebook,4.0,Others/No OS/Linux,1.45,24503.472,117.82653006268644,Other Intel Processor,Intel,0,0,0,16
HP,Notebook,8.0,Windows,1.95,52214.4,157.3505121487356,Intel Core i5,Intel,0,256,0,0
Acer,Notebook,4.0,Windows,1.4,25840.8,135.0942111925629,Other Intel Processor,Intel,0,0,0,128
HP,Notebook,8.0,Windows,1.48,68837.76,157.3505121487356,Intel Core i7,Intel,0,256,0,0
Lenovo,Notebook,4.0,Windows,2.79,31381.92,106.11306214269258,Intel Core i5,Nvidia,1000,0,0,0
Asus,Notebook,8.0,Windows,2.0,58288.32,157.3505121487356,Intel Core i7,Intel,0,256,0,0
HP,Notebook,8.0,Windows,2.1,48058.56,100.45466986113652,Intel Core i7,Intel,1000,0,0,0
Acer,Notebook,8.0,Windows,2.2,35111.52,100.45466986113652,AMD Processor,AMD,0,256,0,0
Lenovo,Notebook,4.0,Windows,1.44,15557.76,111.93520355955212,Other Intel Processor,Intel,0,0,0,32
Asus,Ultrabook,8.0,Windows,1.7,55938.672,141.21199808219862,Intel Core i7,Nvidia,0,256,0,0
HP,Ultrabook,8.0,Windows,1.26,71128.8,176.23257360658386,Intel Core i7,Intel,0,256,0,0
MSI,Gaming,8.0,Windows,2.7,63882.72,127.33567457123112,Intel Core i7,Nvidia,1000,256,0,0
Toshiba,Notebook,8.0,Windows,2.0,50243.04,141.21199808219862,Intel Core i5,Intel,0,256,0,0
Asus,Notebook,8.0,Windows,2.0,71075.52,157.3505121487356,Intel Core i7,Intel,1000,256,0,0
Lenovo,Notebook,4.0,Windows,1.85,23922.72,141.21199808219862,Intel Core i3,Intel,1000,0,0,0
Asus,Gaming,8.0,Windows,2.5,53226.72,141.21199808219862,Intel Core i7,Nvidia,0,256,0,0
HP,Notebook,8.0,Windows,1.48,67559.04,157.3505121487356,Intel Core i5,Intel,0,256,0,0
HP,Notebook,8.0,Windows,1.84,60952.32,141.21199808219862,Intel Core i5,Intel,0,256,0,0
Asus,Notebook,4.0,Others/No OS/Linux,2.0,14651.4672,100.45466986113652,Other Intel Processor,Intel,1000,0,0,0
Dell,Notebook,8.0,Windows,2.0,60885.72,141.21199808219862,Intel Core i5,Nvidia,0,256,0,0
Dell,Notebook,4.0,Others/No OS/Linux,2.2,14646.672,100.45466986113652,Other Intel Processor,Intel,500,0,0,0
Lenovo,Notebook,12.0,Windows,2.2,47898.72,141.21199808219862,AMD Processor,AMD,2000,0,0,0
HP,Notebook,8.0,Windows,2.1,38148.48,141.21199808219862,Intel Core i3,Nvidia,1000,0,0,0
Dell,Ultrabook,8.0,Windows,1.2,84129.12,165.6321180513006,Intel Core i7,Intel,0,256,0,0
HP,Notebook,2.0,Windows,1.44,14865.12,111.93520355955212,Other Intel Processor,Intel,0,0,0,32
Asus,2 in 1 Convertible,4.0,Windows,1.5,19980.0,135.0942111925629,Other Intel Processor,Intel,0,0,0,32
HP,Notebook,8.0,Windows,1.84,69477.12,141.21199808219862,Intel Core i7,Intel,0,256,0,0
MSI,Gaming,8.0,Windows,2.7,75071.52,127.33567457123112,Intel Core i7,Nvidia,1000,128,0,0
HP,Workstation,8.0,Windows,2.6,92615.0256,141.21199808219862,Intel Core i7,Nvidia,0,256,0,0
Dell,Notebook,8.0,Windows,2.02,51729.552,141.21199808219862,Intel Core i7,AMD,2000,128,0,0
Lenovo,Notebook,4.0,Others/No OS/Linux,2.2,17155.6272,100.45466986113652,Other Intel Processor,Intel,1000,0,0,0
Dell,Gaming,8.0,Windows,2.65,53226.72,141.21199808219862,Intel Core i5,Nvidia,1000,0,0,0
Dell,Notebook,8.0,Windows,2.36,29696.6736,100.45466986113652,Intel Core i5,Intel,2000,0,0,0
Dell,Notebook,8.0,Windows,1.36,76030.56,157.3505121487356,Intel Core i5,Intel,0,256,0,0
HP,Notebook,4.0,Windows,1.86,23389.92,100.45466986113652,Intel Core i3,Intel,500,0,0,0
Asus,Notebook,8.0,Windows,2.0,50349.6,157.3505121487356,Intel Core i5,Intel,0,256,0,0
Lenovo,Notebook,6.0,Windows,2.8,38308.32,106.11306214269258,Intel Core i5,Nvidia,1000,128,0,0
HP,Notebook,8.0,Windows,1.86,34045.92,141.21199808219862,Intel Core i5,Intel,1000,0,0,0
Lenovo,Notebook,8.0,Others/No OS/Linux,2.2,26586.72,100.45466986113652,Intel Core i3,Nvidia,0,256,0,0
HP,Notebook,8.0,Windows,2.04,20725.92,100.45466986113652,Other Intel Processor,Intel,2000,0,0,0
Dell,Notebook,8.0,Windows,2.8,57808.8,127.33567457123112,Intel Core i5,AMD,1000,128,0,0
Lenovo,Gaming,8.0,Others/No OS/Linux,2.4,43103.52,141.21199808219862,Intel Core i5,Nvidia,1000,128,0,0
Dell,Notebook,8.0,Windows,2.33,47898.72,141.21199808219862,Intel Core i7,AMD,0,256,0,0
HP,Ultrabook,8.0,Windows,1.36,93240.0,157.3505121487356,Intel Core i7,Intel,0,256,0,0
Asus,2 in 1 Convertible,12.0,Windows,2.26,58554.72,141.21199808219862,Intel Core i7,Nvidia,2000,512,0,0
Acer,Notebook,4.0,Windows,2.1,22697.28,100.45466986113652,AMD Processor,AMD,0,128,0,0
Lenovo,Notebook,4.0,Windows,2.6,26053.92,106.11306214269258,AMD Processor,AMD,0,128,0,0
Dell,2 in 1 Convertible,8.0,Windows,1.62,46300.8528,165.6321180513006,Intel Core i7,Intel,0,256,0,0
HP,Notebook,4.0,Windows,1.91,26053.3872,141.21199808219862,AMD Processor,AMD,0,256,0,0
Lenovo,Netbook,4.0,Windows,1.59,29463.84,135.0942111925629,Other Intel Processor,Intel,0,128,0,0
Dell,Notebook,4.0,Windows,1.8,16463.52,100.45466986113652,Other Intel Processor,Intel,500,0,0,0
Asus,Notebook,4.0,Windows,1.5,15238.08,111.93520355955212,Other Intel Processor,Intel,0,0,0,32
Acer,Notebook,8.0,Others/No OS/Linux,2.4,45074.88,141.21199808219862,Intel Core i7,Nvidia,1000,0,0,0
Lenovo,Notebook,4.0,Others/No OS/Linux,1.85,21498.48,141.21199808219862,Intel Core i3,Intel,0,128,0,0
Asus,Gaming,8.0,Windows,2.3,88178.4,141.21199808219862,Intel Core i7,Nvidia,1000,128,0,0
Lenovo,Notebook,8.0,Windows,1.5,58554.72,157.3505121487356,Intel Core i5,Nvidia,0,256,0,0
Lenovo,Ultrabook,8.0,Windows,1.13,121584.96,209.8006828649808,Intel Core i7,Intel,0,512,0,0
Lenovo,Notebook,4.0,Windows,1.5,29250.72,165.6321180513006,Intel Core i3,Intel,0,128,0,0
Dell,Workstation,8.0,Windows,2.23,72940.32,141.21199808219862,Intel Core i5,AMD,500,0,0,0
Dell,Workstation,8.0,Windows,2.0,113752.8,141.21199808219862,Intel Core i7,Nvidia,0,256,0,0
Asus,Gaming,8.0,Windows,3.0,55357.92,127.33567457123112,Intel Core i7,Nvidia,1000,0,0,0
Acer,Notebook,12.0,Windows,2.2,36975.7872,100.45466986113652,Intel Core i5,Nvidia,1000,0,0,0
MSI,Gaming,8.0,Windows,2.7,71874.72,127.33567457123112,Intel Core i7,Nvidia,0,256,0,0
Dell,Notebook,8.0,Others/No OS/Linux,2.33,41498.1936,141.21199808219862,Intel Core i7,AMD,0,256,0,0
HP,Ultrabook,4.0,Windows,1.91,26586.72,141.21199808219862,AMD Processor,AMD,0,256,0,0
Lenovo,Notebook,8.0,Windows,2.1,65510.9568,141.21199808219862,Intel Core i7,AMD,0,256,0,0
Lenovo,Notebook,8.0,Windows,1.9,49976.64,157.3505121487356,Intel Core i5,Intel,0,256,0,0
Lenovo,Notebook,4.0,Windows,2.2,16303.68,100.45466986113652,Other Intel Processor,Intel,1000,0,0,0
Lenovo,Notebook,8.0,Windows,2.1,60978.96,86.05106133133977,Intel Core i5,AMD,1000,256,0,0
Acer,Notebook,8.0,Others/No OS/Linux,2.5,46833.12,141.21199808219862,Intel Core i7,Nvidia,0,256,0,0
Asus,Ultrabook,8.0,Windows,1.1,99793.44,157.3505121487356,Intel Core i7,Intel,0,512,0,0
Dell,Ultrabook,8.0,Windows,1.36,89510.4,157.3505121487356,Intel Core i7,Intel,0,512,0,0
Lenovo,Notebook,4.0,Windows,2.2,21791.52,61.879414889952194,Intel Core i3,Intel,500,0,0,0
Lenovo,Notebook,2.0,Windows,1.15,16221.096,135.0942111925629,Other Intel Processor,Intel,0,0,0,32
Lenovo,Workstation,8.0,Windows,2.67,102564.0,141.21199808219862,Intel Core i7,Nvidia,0,512,0,0
Lenovo,Ultrabook,8.0,Windows,1.7,103523.04,209.8006828649808,Intel Core i7,Nvidia,0,512,0,0
HP,Notebook,4.0,Windows,2.1,24988.32,141.21199808219862,Intel Core i3,AMD,1000,0,0,0
Acer,2 in 1 Convertible,8.0,Windows,1.6,42038.4528,165.6321180513006,Intel Core i7,Intel,0,256,0,0
Asus,2 in 1 Convertible,8.0,Windows,1.27,49443.84,165.6321180513006,Intel Core i5,Intel,0,256,0,0
Dell,Notebook,4.0,Others/No OS/Linux,2.3,31909.392,141.21199808219862,Intel Core i5,AMD,0,256,0,0
Dell,Notebook,4.0,Windows,1.65,36709.92,117.82653006268644,Intel Core i3,Intel,0,128,0,0
HP,Ultrabook,8.0,Windows,1.43,79920.0,157.3505121487356,Intel Core i7,Intel,0,256,0,0
Dell,Notebook,8.0,Windows,2.14,28768.536,100.45466986113652,Intel Core i5,Intel,1000,0,0,0
Lenovo,Ultrabook,8.0,Windows,1.75,64755.4464,157.3505121487356,Intel Core i7,AMD,0,256,0,0
HP,Notebook,8.0,Windows,2.31,76030.56,141.21199808219862,Intel Core i7,Intel,0,256,0,0
Asus,Notebook,8.0,Others/No OS/Linux,2.3,31808.16,61.879414889952194,Intel Core i3,Nvidia,1000,0,0,0
Dell,Gaming,8.0,Windows,2.62,61751.52,141.21199808219862,Intel Core i7,Nvidia,1000,128,0,0
Dell,Notebook,8.0,Windows,2.02,60867.072,141.21199808219862,Intel Core i7,AMD,2000,256,0,0
Dell,Ultrabook,8.0,Others/No OS/Linux,1.6,58554.72,157.3505121487356,Intel Core i7,Intel,0,256,0,0
Other,2 in 1 Convertible,4.0,Windows,1.16,15930.72,189.90579052433608,Other Intel Processor,Intel,0,32,0,0
Other,Netbook,4.0,Others/No OS/Linux,1.15,14332.32,135.0942111925629,Other Intel Processor,Intel,0,0,0,16
Lenovo,Notebook,8.0,Windows,1.4,53812.8,165.6321180513006,Intel Core i7,Intel,0,256,0,0
Lenovo,Notebook,4.0,Windows,1.7,31914.72,157.3505121487356,Intel Core i3,Intel,0,128,0,0
Asus,Gaming,8.0,Windows,3.2,90309.6,127.33567457123112,AMD Processor,AMD,1000,256,0,0
HP,Notebook,4.0,Windows,2.1,18488.16,100.45466986113652,Other Intel Processor,Intel,500,0,0,0
Asus,Notebook,4.0,Others/No OS/Linux,2.0,29783.52,141.21199808219862,Intel Core i5,Intel,0,256,0,0
Lenovo,Notebook,8.0,Windows,2.8,27652.32,106.11306214269258,AMD Processor,AMD,1000,0,0,0
Dell,Notebook,4.0,Windows,2.2,39906.72,141.21199808219862,Intel Core i5,AMD,0,256,0,0
Lenovo,Ultrabook,8.0,Windows,1.36,76137.12,176.23257360658386,Intel Core i5,Intel,0,256,0,0
Lenovo,Notebook,4.0,Windows,2.2,18594.72,141.21199808219862,Other Intel Processor,Intel,0,128,0,0
HP,Gaming,8.0,Windows,2.2,58554.72,141.21199808219862,Intel Core i7,Nvidia,1000,128,0,0
Dell,Notebook,8.0,Windows,1.64,62817.12,157.3505121487356,Intel Core i5,Nvidia,0,256,0,0
Acer,Notebook,4.0,Others/No OS/Linux,2.4,23539.104,100.45466986113652,Intel Core i5,Intel,500,0,0,0
Dell,Workstation,8.0,Windows,2.23,106187.04,141.21199808219862,Other Intel Processor,Nvidia,1000,0,0,64
MSI,Gaming,8.0,Windows,2.2,54757.9872,141.21199808219862,Intel Core i5,Nvidia,0,256,0,0
HP,Notebook,8.0,Windows,1.91,31381.92,100.45466986113652,Intel Core i5,Intel,0,128,0,0
HP,Workstation,8.0,Windows,2.31,81731.52,141.21199808219862,Intel Core i7,Intel,0,512,0,0
Lenovo,Notebook,8.0,Windows,1.65,71661.6,157.3505121487356,Intel Core i5,Intel,0,256,0,0
Dell,Notebook,8.0,Windows,2.36,52161.12,141.21199808219862,Intel Core i7,AMD,1000,128,0,0
Dell,2 in 1 Convertible,4.0,Windows,1.47,25521.12,135.0942111925629,Other Intel Processor,Intel,500,0,0,0
Other,Ultrabook,4.0,Windows,1.252,52693.92,200.84255993695703,Other Intel Processor,Intel,0,128,0,0
Other,Ultrabook,8.0,Windows,1.25,95850.72,80.93655400444537,Intel Core i7,Intel,0,256,0,0
HP,Notebook,8.0,Windows,2.5,34093.872,106.11306214269258,Intel Core i3,Intel,0,256,0,0
Acer,Notebook,4.0,Windows,2.23,28984.32,141.21199808219862,Intel Core i3,Nvidia,1000,0,0,0
Acer,Netbook,4.0,Windows,1.4,23176.8,135.0942111925629,Other Intel Processor,Intel,0,128,0,0
Asus,Notebook,8.0,Windows,2.37,39906.72,141.21199808219862,Intel Core i5,Intel,1000,0,0,0
Lenovo,Notebook,8.0,Others/No OS/Linux,1.5,42570.72,157.3505121487356,Intel Core i7,AMD,0,512,0,0
Lenovo,Notebook,8.0,Windows,2.67,111355.2,141.21199808219862,Intel Core i7,Nvidia,0,256,0,0
Asus,Notebook,4.0,Windows,2.0,16197.12,100.45466986113652,Other Intel Processor,Intel,500,0,0,0
Acer,Notebook,4.0,Windows,2.2,24988.32,100.45466986113652,Intel Core i3,Nvidia,500,0,0,0
Dell,Notebook,8.0,Windows,2.02,40439.52,141.21199808219862,Intel Core i5,AMD,2000,0,0,0
Lenovo,Ultrabook,12.0,Windows,1.4,98994.24,209.8006828649808,Intel Core i7,Intel,0,256,0,0
HP,Notebook,8.0,Windows,1.9,61485.12,141.21199808219862,Intel Core i5,AMD,500,0,0,0
Dell,Ultrabook,8.0,Windows,1.42,98133.768,165.6321180513006,Intel Core i5,Intel,0,256,0,0
Dell,Notebook,8.0,Windows,1.79,39427.2,111.93520355955212,Intel Core i3,Intel,0,128,0,0
Dell,Workstation,8.0,Windows,1.78,128298.24,141.21199808219862,Intel Core i7,Nvidia,0,256,0,0
Lenovo,Notebook,8.0,Windows,1.7,72673.92,157.3505121487356,Intel Core i5,Intel,0,180,0,0
Toshiba,Notebook,8.0,Windows,1.05,89084.16,165.6321180513006,Intel Core i5,Intel,0,256,0,0
Dell,Notebook,8.0,Windows,2.16,67239.36,141.21199808219862,Intel Core i7,Nvidia,0,512,0,0
Dell,Notebook,4.0,Windows,2.18,31254.048,100.45466986113652,Intel Core i3,Intel,1000,0,0,0
HP,Notebook,4.0,Windows,1.49,38681.28,165.6321180513006,Intel Core i5,Intel,0,128,0,0
Other,Notebook,4.0,Windows,1.89,13261.392,141.21199808219862,Other Intel Processor,Intel,0,0,0,64
Lenovo,Notebook,4.0,Windows,2.3,30103.2,100.45466986113652,Intel Core i3,Intel,0,128,0,0
Lenovo,Notebook,8.0,Windows,1.75,55890.72,157.3505121487356,Intel Core i5,Intel,0,256,0,0
Lenovo,Notebook,8.0,Windows,2.3,53918.8272,141.21199808219862,Intel Core i5,Nvidia,0,256,0,0
Asus,Gaming,8.0,Windows,1.99,71928.0,141.21199808219862,Intel Core i7,Nvidia,1000,128,0,0
Acer,Notebook,8.0,Windows,2.2,30849.12,100.45466986113652,AMD Processor,AMD,1000,0,0,0
Lenovo,Ultrabook,8.0,Windows,1.3,58554.72,125.36742798669836,Intel Core i5,Intel,0,180,0,0
Lenovo,Notebook,8.0,Windows,2.17,47893.392,141.21199808219862,Intel Core i7,Intel,0,256,0,0
HP,Notebook,8.0,Windows,1.48,93186.72,157.3505121487356,Intel Core i7,Intel,0,1000,0,0
Lenovo,Notebook,8.0,Windows,1.4,50562.72,165.6321180513006,Intel Core i3,Intel,0,256,0,0
Lenovo,Notebook,8.0,Windows,2.3,48538.08,141.21199808219862,Intel Core i5,Intel,0,256,0,0
Asus,Netbook,4.0,Windows,1.2,18115.2,135.0942111925629,Other Intel Processor,Intel,0,0,0,64
HP,Notebook,8.0,Windows,1.91,32979.7872,100.45466986113652,Intel Core i5,AMD,0,256,0,0
Lenovo,2 in 1 Convertible,8.0,Windows,1.4,85194.72,158.48253022174808,Intel Core i5,Intel,0,256,0,0
Lenovo,Notebook,4.0,Windows,2.1,15930.72,111.93520355955212,Other Intel Processor,Intel,500,0,0,0
Lenovo,Netbook,4.0,Others/No OS/Linux,1.25,14119.2,135.0942111925629,Other Intel Processor,Intel,0,16,0,0
Lenovo,Notebook,8.0,Windows,1.44,50562.72,165.6321180513006,Intel Core i5,Intel,0,256,0,0
Asus,Notebook,8.0,Windows,2.0,65214.72,141.21199808219862,Intel Core i7,Intel,1000,256,0,0
Acer,Notebook,4.0,Windows,2.2,32660.64,141.21199808219862,Intel Core i5,Nvidia,1000,0,0,0
HP,Ultrabook,8.0,Windows,1.34,70489.44,165.6321180513006,Intel Core i7,Intel,0,512,0,0
Lenovo,Gaming,8.0,Others/No OS/Linux,2.4,61218.72,141.21199808219862,Intel Core i7,Nvidia,1000,256,0,0
Dell,Ultrabook,8.0,Windows,1.29,47898.72,165.6321180513006,Intel Core i5,Intel,0,128,0,0
Acer,Notebook,4.0,Windows,2.2,34045.92,141.21199808219862,Intel Core i7,Nvidia,500,0,0,0
Dell,Notebook,8.0,Windows,2.18,44542.08,141.21199808219862,Intel Core i5,Intel,1000,0,0,0
Asus,Netbook,2.0,Windows,1.1,13053.6,135.0942111925629,Other Intel Processor,Intel,0,0,0,32
HP,Notebook,4.0,Windows,2.04,27783.9216,100.45466986113652,Intel Core i5,Intel,1000,0,0,0
HP,Notebook,8.0,Windows,2.04,47365.92,141.21199808219862,Intel Core i5,Nvidia,0,256,0,0
Lenovo,Gaming,8.0,Windows,3.2,74538.72,141.21199808219862,Intel Core i7,Nvidia,1000,256,0,0
HP,Ultrabook,8.0,Windows,1.32,74538.72,165.6321180513006,Intel Core i7,Intel,0,256,0,0
Dell,Notebook,8.0,Windows,1.64,68184.0144,157.3505121487356,Intel Core i5,Intel,0,256,0,0
HP,Notebook,4.0,Windows,1.63,36709.92,100.45466986113652,Intel Core i3,Intel,0,128,0,0
Dell,Notebook,8.0,Others/No OS/Linux,2.8,47365.92,127.33567457123112,Intel Core i5,AMD,1000,128,0,0
Lenovo,Notebook,8.0,Windows,2.02,71395.2,91.7877987534291,Intel Core i5,Intel,0,256,0,0
Lenovo,Notebook,4.0,Windows,2.2,42570.72,141.21199808219862,Intel Core i7,Nvidia,1000,0,0,0
Lenovo,Notebook,8.0,Others/No OS/Linux,2.2,24455.52,100.45466986113652,Intel Core i3,Nvidia,2000,0,0,0
Dell,Notebook,4.0,Windows,2.3,31168.8,141.21199808219862,Intel Core i5,AMD,500,0,0,0
Dell,Notebook,8.0,Windows,1.9,73366.56,141.21199808219862,Intel Core i5,Intel,0,256,0,0
Toshiba,Notebook,8.0,Windows,2.0,45820.8,141.21199808219862,Intel Core i5,Intel,500,0,0,0
Other,Notebook,4.0,Windows,1.2,19660.32,165.6321180513006,Other Intel Processor,Intel,0,32,0,0
Asus,Gaming,8.0,Windows,2.3,87858.72,141.21199808219862,Intel Core i5,Nvidia,1000,128,0,0
Dell,Notebook,8.0,Windows,1.93,72940.32,141.21199808219862,Intel Core i7,Nvidia,0,256,0,0
Dell,Notebook,8.0,Windows,2.2,42486.0048,141.21199808219862,Intel Core i5,AMD,0,256,0,0
HP,Notebook,4.0,Windows,1.86,21258.1872,141.21199808219862,Other Intel Processor,Intel,0,256,0,0
HP,Gaming,12.0,Windows,2.62,95850.72,127.33567457123112,Intel Core i7,Nvidia,1000,0,0,0
Lenovo,Notebook,8.0,Windows,1.87,45767.52,157.3505121487356,Intel Core i7,Nvidia,0,256,0,0
Dell,Notebook,4.0,Windows,1.6,39207.1536,157.3505121487356,Intel Core i3,Intel,0,128,0,0
Acer,Gaming,8.0,Others/No OS/Linux,2.4,42517.44,141.21199808219862,Intel Core i5,Nvidia,1000,0,0,0
Asus,Notebook,4.0,Windows,2.0,18594.72,100.45466986113652,AMD Processor,AMD,500,0,0,0
HP,Notebook,4.0,Windows,2.1,37589.04,141.21199808219862,Intel Core i3,Intel,0,128,0,0
Lenovo,Notebook,4.0,Windows,1.87,41824.8,157.3505121487356,Intel Core i5,Intel,500,0,0,0
Lenovo,Notebook,4.0,Others/No OS/Linux,2.15,24634.008,141.21199808219862,Intel Core i5,Intel,1000,0,0,0
HP,Notebook,4.0,Windows,1.86,21152.16,141.21199808219862,Intel Core i3,Intel,500,0,0,0
Lenovo,Notebook,8.0,Windows,1.99,92121.12,141.21199808219862,Intel Core i7,Intel,0,512,0,0
Lenovo,Notebook,4.0,Windows,2.2,26586.72,141.21199808219862,Intel Core i3,Intel,0,128,0,0
Dell,Notebook,8.0,Windows,1.9,59513.2272,141.21199808219862,Intel Core i5,Intel,0,256,0,0
HP,Notebook,8.0,Windows,2.65,28992.312,106.11306214269258,Intel Core i3,Intel,1000,0,0,0
HP,Notebook,8.0,Windows,2.63,68198.4,127.33567457123112,Intel Core i7,Nvidia,1000,0,0,0
Asus,Notebook,4.0,Others/No OS/Linux,2.0,11934.72,100.45466986113652,Other Intel Processor,Intel,500,0,0,0
Other,Notebook,4.0,Windows,1.35,13586.4,165.6321180513006,Other Intel Processor,Intel,0,0,0,32
Lenovo,Notebook,6.0,Windows,2.8,50562.72,106.11306214269258,Intel Core i7,Nvidia,1000,128,0,0
HP,Notebook,6.0,Windows,1.91,30310.992,141.21199808219862,AMD Processor,AMD,0,128,0,0
Dell,Notebook,4.0,Windows,2.18,32921.712,100.45466986113652,Intel Core i3,AMD,1000,0,0,0
Acer,2 in 1 Convertible,4.0,Windows,1.25,18594.72,189.90579052433608,Other Intel Processor,Intel,0,0,0,32
Lenovo,Notebook,4.0,Windows,2.05,33566.4,141.21199808219862,Intel Core i3,Intel,0,128,0,0
Asus,Notebook,8.0,Windows,2.5,44701.92,141.21199808219862,Intel Core i5,Nvidia,1000,128,0,0
Dell,Notebook,4.0,Windows,1.93,51095.52,100.45466986113652,Intel Core i5,Intel,500,0,0,0
Lenovo,Notebook,4.0,Windows,2.2,18328.32,141.21199808219862,Other Intel Processor,Intel,500,0,0,0
Lenovo,Notebook,4.0,Windows,2.02,52747.2,111.93520355955212,Intel Core i5,Intel,500,0,0,0
HP,Workstation,8.0,Windows,3.14,99153.5472,106.11306214269258,Intel Core i5,Nvidia,500,0,0,0
HP,Notebook,8.0,Windows,1.94,20725.92,111.93520355955212,Other Intel Processor,Intel,2000,0,0,0
HP,Notebook,6.0,Windows,1.95,34578.72,141.21199808219862,AMD Processor,AMD,0,256,0,0
Lenovo,Notebook,8.0,Windows,2.3,44222.4,141.21199808219862,Intel Core i5,Intel,0,256,0,0
Lenovo,Notebook,4.0,Windows,2.05,36496.8,141.21199808219862,Intel Core i5,Intel,500,0,0,0
Other,Notebook,4.0,Windows,1.4,13266.72,157.3505121487356,Other Intel Processor,Intel,0,32,0,0
Dell,Notebook,8.0,Others/No OS/Linux,2.2,39907.2528,141.21199808219862,Intel Core i7,AMD,0,256,0,0
Other,Notebook,4.0,Windows,1.45,20725.92,157.3505121487356,Other Intel Processor,Intel,0,32,0,0
Dell,Notebook,8.0,Windows,1.9,53733.9456,100.45466986113652,Intel Core i5,Intel,500,0,0,0
HP,Notebook,4.0,Windows,1.49,38308.32,165.6321180513006,Intel Core i3,Intel,0,128,0,0
Dell,Netbook,4.0,Others/No OS/Linux,1.26,15717.6,135.0942111925629,Other Intel Processor,Intel,0,0,0,16
Lenovo,Notebook,12.0,Windows,2.2,32447.52,100.45466986113652,Intel Core i7,Intel,1000,0,0,0
Asus,Gaming,8.0,Windows,2.73,94305.6,127.33567457123112,Intel Core i5,Nvidia,1000,128,0,0
Asus,2 in 1 Convertible,8.0,Windows,2.2,39373.92,100.45466986113652,Intel Core i5,Intel,1000,0,0,0
Lenovo,Notebook,12.0,Windows,2.2,50562.72,141.21199808219862,AMD Processor,AMD,0,512,0,0
Dell,2 in 1 Convertible,4.0,Windows,1.39,32127.84,49.59154588081422,Other Intel Processor,Intel,0,128,0,0
Lenovo,Notebook,4.0,Others/No OS/Linux,2.8,28185.12,127.33567457123112,Intel Core i3,Intel,500,0,0,0
Lenovo,Notebook,8.0,Windows,2.29,24455.52,100.45466986113652,Intel Core i3,Intel,1000,0,0,0
Lenovo,2 in 1 Convertible,8.0,Windows,1.37,107892.0,165.6321180513006,Intel Core i7,Intel,0,512,0,0
Lenovo,Notebook,8.0,Windows,1.7,78534.72,157.3505121487356,Intel Core i5,Intel,0,256,0,0
Dell,2 in 1 Convertible,8.0,Windows,1.34,88977.6,176.23257360658386,Intel Core i5,Intel,0,256,0,0
Dell,Workstation,8.0,Windows,2.06,93932.64,141.21199808219862,Intel Core i7,Nvidia,0,256,0,0
HP,Notebook,8.0,Windows,1.84,64948.32,141.21199808219862,Intel Core i7,Intel,0,256,0,0
HP,Notebook,4.0,Windows,2.1,35616.6144,100.45466986113652,Intel Core i3,Intel,500,0,0,0
Acer,Notebook,4.0,Windows,1.6,17529.12,157.3505121487356,Other Intel Processor,Intel,0,0,0,32
Dell,Notebook,4.0,Others/No OS/Linux,2.18,24775.2,100.45466986113652,Intel Core i3,AMD,1000,0,0,0
Toshiba,Notebook,8.0,Windows,2.2,74538.72,141.21199808219862,Intel Core i7,Intel,0,256,0,0
Lenovo,Notebook,6.0,Windows,2.4,30049.92,141.21199808219862,Intel Core i5,Intel,1000,0,0,0
Lenovo,2 in 1 Convertible,8.0,Windows,2.0,69210.72,141.21199808219862,Intel Core i7,Intel,0,256,0,0
Acer,Notebook,4.0,Windows,1.6,18594.72,111.93520355955212,Other Intel Processor,Intel,0,0,0,128
Dell,Notebook,4.0,Others/No OS/Linux,2.18,23650.992,100.45466986113652,Intel Core i3,Intel,1000,0,0,0
Dell,Notebook,4.0,Others/No OS/Linux,2.25,19127.52,100.45466986113652,Intel Core i3,Intel,1000,0,0,0
Dell,Notebook,4.0,Others/No OS/Linux,1.93,46300.32,100.45466986113652,Intel Core i5,Intel,500,0,0,0
Asus,Gaming,8.0,Windows,3.0,62231.04,127.33567457123112,Intel Core i7,Nvidia,1000,128,0,0
HP,Ultrabook,8.0,Windows,1.84,74005.92,141.21199808219862,Intel Core i7,Intel,0,512,0,0
Acer,2 in 1 Convertible,4.0,Others/No OS/Linux,1.25,20193.12,135.0942111925629,Other Intel Processor,Intel,0,0,0,32
HP,Notebook,8.0,Windows,2.31,59886.72,111.93520355955212,Intel Core i5,Intel,0,256,0,0
Lenovo,Notebook,8.0,Windows,1.65,78055.2,157.3505121487356,Intel Core i5,Intel,0,256,0,0
Dell,Notebook,4.0,Windows,2.2,41345.28,141.21199808219862,Intel Core i5,AMD,1000,0,0,0
Other,Notebook,8.0,Windows,2.2,42570.72,100.45466986113652,Intel Core i5,Intel,0,256,0,0
HP,Notebook,4.0,Windows,1.88,49656.96,100.45466986113652,Intel Core i5,Intel,500,0,0,0
Other,Notebook,2.0,Windows,1.4,12733.92,157.3505121487356,Other Intel Processor,Intel,0,0,0,32
Lenovo,Notebook,4.0,Others/No OS/Linux,2.2,24935.04,141.21199808219862,Intel Core i5,Intel,0,128,0,0
Asus,2 in 1 Convertible,6.0,Windows,1.5,34046.4528,165.6321180513006,Intel Core i5,Intel,1000,0,0,0
Lenovo,Notebook,4.0,Windows,1.8,44169.12,141.21199808219862,Intel Core i5,Intel,0,256,0,0
Lenovo,Notebook,4.0,Windows,2.2,30849.12,141.21199808219862,Intel Core i3,Nvidia,1000,0,0,0
Asus,Notebook,8.0,Windows,2.0,21258.72,100.45466986113652,Other Intel Processor,Intel,1000,0,0,0
Asus,Notebook,8.0,Windows,1.99,48304.7136,141.21199808219862,Intel Core i5,Nvidia,1000,0,0,0
Lenovo,Notebook,2.0,Windows,1.42,13266.72,111.93520355955212,Other Intel Processor,Intel,0,0,0,32
Lenovo,2 in 1 Convertible,8.0,Windows,1.37,93635.3376,165.6321180513006,Intel Core i7,Intel,0,256,0,0
Lenovo,Gaming,8.0,Windows,2.5,59087.52,141.21199808219862,Intel Core i7,Nvidia,1000,128,0,0
HP,Notebook,8.0,Windows,2.6,27753.552,107.98564559226952,AMD Processor,AMD,1000,0,0,0
Asus,Gaming,8.0,Others/No OS/Linux,2.5,62284.32,141.21199808219862,Intel Core i7,Nvidia,1000,0,0,0
Acer,Notebook,4.0,Windows,2.4,23976.0,100.45466986113652,Intel Core i3,Intel,500,0,0,0
Lenovo,Notebook,4.0,Windows,1.43,14598.72,111.93520355955212,Other Intel Processor,Intel,0,0,0,32
Acer,Ultrabook,8.0,Windows,1.8,48964.32,157.3505121487356,Intel Core i5,Intel,0,256,0,0
Toshiba,Notebook,8.0,Windows,1.2,64628.64,165.6321180513006,Intel Core i5,Intel,0,256,0,0
Lenovo,Ultrabook,8.0,Windows,1.36,84395.52,176.23257360658386,Intel Core i7,Intel,0,256,0,0
Acer,Gaming,8.0,Others/No OS/Linux,2.4,37775.52,141.21199808219862,Intel Core i5,Nvidia,1000,0,0,0
Dell,Ultrabook,8.0,Windows,1.2,77250.672,165.6321180513006,Intel Core i5,Intel,0,256,0,0
MSI,Gaming,8.0,Windows,2.2,63499.104,141.21199808219862,Intel Core i7,Nvidia,1000,128,0,0
HP,Notebook,4.0,Others/No OS/Linux,1.86,19441.872,100.45466986113652,Intel Core i3,Intel,500,0,0,0
Toshiba,Notebook,8.0,Windows,2.0,56689.92,141.21199808219862,Intel Core i5,Intel,500,0,0,0
Dell,Notebook,8.0,Windows,1.56,65481.12,157.3505121487356,Intel Core i5,Intel,0,256,0,0
Lenovo,Notebook,4.0,Windows,2.2,22324.32,100.45466986113652,Other Intel Processor,Intel,500,0,0,0
Lenovo,Notebook,4.0,Windows,2.2,28504.8,141.21199808219862,Intel Core i5,Intel,500,0,0,0
HP,Notebook,6.0,Windows,2.04,28717.92,141.21199808219862,Intel Core i3,AMD,1000,0,0,0
MSI,Gaming,8.0,Windows,2.7,79215.1056,127.33567457123112,Intel Core i7,Nvidia,1000,128,0,0
Toshiba,Notebook,4.0,Windows,2.1,26533.44,100.45466986113652,Intel Core i3,Intel,0,128,0,0
HP,Notebook,8.0,Windows,2.1,39693.6,141.21199808219862,Intel Core i7,AMD,1000,0,0,0
Toshiba,Notebook,8.0,Windows,2.0,67026.24,141.21199808219862,Intel Core i5,Intel,0,256,0,0
Acer,Notebook,4.0,Others/No OS/Linux,2.1,21951.36,100.45466986113652,Intel Core i3,Intel,0,128,0,0
Other,Ultrabook,8.0,Windows,1.252,99519.048,200.84255993695703,Intel Core i7,Intel,0,256,0,0
Lenovo,Notebook,8.0,Windows,1.9,43580.376,141.21199808219862,Intel Core i5,AMD,1000,128,0,0
Lenovo,2 in 1 Convertible,8.0,Windows,1.3,55091.52,165.6321180513006,Intel Core i5,Intel,0,256,0,0
Lenovo,Notebook,4.0,Windows,2.2,18594.72,44.01946207398117,AMD Processor,AMD,0,128,0,0
HP,2 in 1 Convertible,4.0,Windows,1.63,37242.72,157.3505121487356,Intel Core i3,Nvidia,0,128,0,0
Asus,Ultrabook,8.0,Windows,1.1,60472.8,157.3505121487356,Intel Core i5,Intel,0,256,0,0
HP,2 in 1 Convertible,8.0,Others/No OS/Linux,1.4,26373.6,135.0942111925629,Other Intel Processor,Intel,0,0,0,64
Other,Ultrabook,8.0,Windows,1.09,122490.72,141.21199808219862,Intel Core i7,Intel,0,512,0,0
MSI,Gaming,8.0,Windows,2.2,53168.112,141.21199808219862,Intel Core i5,Nvidia,0,256,0,0
Asus,Notebook,4.0,Windows,1.86,22324.32,100.45466986113652,Other Intel Processor,Intel,0,128,0,0
HP,Notebook,4.0,Windows,2.5,37242.72,127.33567457123112,Intel Core i3,AMD,0,256,0,0
Lenovo,2 in 1 Convertible,8.0,Windows,1.19,79866.72,165.6321180513006,Intel Core i7,Intel,0,512,0,0
HP,Notebook,4.0,Windows,1.86,32639.8608,100.45466986113652,Intel Core i5,AMD,500,0,0,0
Dell,Notebook,4.0,Windows,2.2,29073.2976,100.45466986113652,Intel Core i3,AMD,1000,0,0,0
HP,Notebook,6.0,Windows,2.65,30316.32,127.33567457123112,AMD Processor,AMD,2000,0,0,0
Lenovo,Notebook,4.0,Windows,2.1,16943.04,100.45466986113652,Other Intel Processor,Intel,500,0,0,0
Acer,Notebook,4.0,Others/No OS/Linux,1.45,19980.0,111.93520355955212,Other Intel Processor,Intel,0,0,0,32
Lenovo,Notebook,4.0,Windows,1.7,37242.72,157.3505121487356,Intel Core i5,Intel,0,256,0,0
HP,Workstation,8.0,Windows,3.14,101657.7072,127.33567457123112,Intel Core i7,Nvidia,500,0,0,0
Lenovo,2 in 1 Convertible,8.0,Windows,1.42,137995.2,209.8006828649808,Intel Core i7,Intel,0,256,0,0
Toshiba,Notebook,8.0,Windows,1.5,51841.44,165.6321180513006,Intel Core i5,Intel,0,256,0,0
Acer,Netbook,4.0,Windows,1.4,14332.32,135.0942111925629,Other Intel Processor,Intel,0,0,0,32
Asus,2 in 1 Convertible,4.0,Others/No OS/Linux,1.2,35644.32,176.23257360658386,Other Intel Processor,Intel,0,0,0,64
Dell,Gaming,8.0,Windows,2.56,43636.32,141.21199808219862,Intel Core i5,Nvidia,1000,0,0,0
Lenovo,Notebook,4.0,Windows,2.2,21258.72,141.21199808219862,AMD Processor,AMD,0,256,0,0
Lenovo,Notebook,8.0,Windows,2.2,22857.12,100.45466986113652,AMD Processor,AMD,1000,0,0,0
Lenovo,Notebook,4.0,Windows,2.1,33110.856,141.21199808219862,Intel Core i5,Intel,2000,0,0,0
Lenovo,Notebook,4.0,Others/No OS/Linux,1.9,23976.0,100.45466986113652,Intel Core i3,Intel,500,0,0,0
Dell,Notebook,8.0,Windows,2.18,42357.6,141.21199808219862,Intel Core i5,Intel,0,256,0,0
Acer,2 in 1 Convertible,1.0,Windows,1.6,53226.72,165.6321180513006,Intel Core i5,Intel,0,256,0,0
Lenovo,Notebook,8.0,Windows,1.8,63456.48,157.3505121487356,Intel Core i5,Intel,0,256,0,0
HP,Notebook,6.0,Windows,2.71,34898.9328,127.33567457123112,AMD Processor,AMD,2000,0,0,0
Lenovo,Gaming,8.0,Windows,2.5,66546.72,141.21199808219862,Intel Core i7,Nvidia,1000,128,0,0
Dell,Notebook,8.0,Others/No OS/Linux,1.64,58021.92,157.3505121487356,Intel Core i5,Nvidia,0,256,0,0
Dell,Notebook,8.0,Others/No OS/Linux,1.98,38681.28,141.21199808219862,Intel Core i5,Intel,1000,0,0,0
Asus,Notebook,4.0,Windows,1.5,15877.44,157.3505121487356,Other Intel Processor,Intel,0,0,0,32
Lenovo,Notebook,8.0,Windows,1.87,45664.6896,157.3505121487356,Intel Core i5,Nvidia,0,256,0,0
Dell,Notebook,8.0,Windows,1.9,62817.12,141.21199808219862,Intel Core i5,Intel,0,256,0,0
Lenovo,Notebook,4.0,Windows,2.19,15877.44,100.45466986113652,AMD Processor,AMD,500,0,0,0
Other,Notebook,4.0,Windows,1.4,14119.2,161.72539083525606,Other Intel Processor,Intel,32,0,0,0
HP,Notebook,8.0,Windows,2.63,63936.0,127.33567457123112,Intel Core i7,Nvidia,0,256,0,0
HP,2 in 1 Convertible,8.0,Windows,1.58,44574.048,117.82653006268644,Intel Core i5,Intel,0,256,0,0
Lenovo,Ultrabook,8.0,Windows,1.32,79866.72,157.3505121487356,Intel Core i5,Intel,0,256,0,0
MSI,Gaming,8.0,Windows,2.7,71847.0144,127.33567457123112,Intel Core i7,Nvidia,1000,128,0,0
Lenovo,Notebook,4.0,Others/No OS/Linux,1.9,26101.872,100.45466986113652,Intel Core i5,Intel,1000,0,0,0
Dell,2 in 1 Convertible,4.0,Windows,1.71,34578.72,165.6321180513006,Intel Core i3,Intel,1000,0,0,0
Dell,Notebook,8.0,Others/No OS/Linux,2.32,31409.6256,100.45466986113652,Intel Core i5,AMD,1000,0,0,0
HP,Notebook,4.0,Windows,2.1,26053.92,141.21199808219862,AMD Processor,AMD,1000,0,0,0
Dell,Notebook,12.0,Windows,2.25,34578.72,100.45466986113652,Intel Core i5,Intel,1000,0,0,0
HP,Notebook,6.0,Windows,2.1,34632.0,141.21199808219862,AMD Processor,AMD,1000,128,0,0
Acer,Notebook,4.0,Windows,2.4,29783.52,100.45466986113652,Intel Core i5,Intel,500,0,0,0
Lenovo,Notebook,8.0,Windows,1.44,51148.8,165.6321180513006,Intel Core i5,Intel,0,256,0,0
Lenovo,Notebook,4.0,Windows,1.85,41505.12,141.21199808219862,Intel Core i7,Intel,1000,0,0,0
Dell,2 in 1 Convertible,8.0,Windows,1.55,35111.52,165.6321180513006,Intel Core i5,Intel,1000,0,0,0
Acer,Notebook,4.0,Windows,2.4,21887.424,100.45466986113652,Intel Core i3,Intel,500,0,0,0
Dell,Notebook,8.0,Windows,2.0,64308.96,141.21199808219862,Intel Core i7,Nvidia,1000,128,0,0
Dell,Notebook,8.0,Windows,2.0,35431.2,100.45466986113652,Intel Core i3,Intel,0,256,0,0
Toshiba,Notebook,8.0,Windows,1.25,81784.8,157.3505121487356,Intel Core i5,Intel,0,256,0,0
Lenovo,2 in 1 Convertible,8.0,Windows,1.7,53226.72,157.3505121487356,Intel Core i5,Intel,0,256,0,0
Acer,Notebook,2.0,Others/No OS/Linux,1.68,17582.4,111.93520355955212,Other Intel Processor,Intel,0,0,0,32
Dell,Notebook,8.0,Windows,1.6,60031.1088,111.93520355955212,Intel Core i5,Intel,0,256,0,0
Lenovo,Netbook,4.0,Windows,1.4,25308.0,135.0942111925629,Other Intel Processor,Intel,0,128,0,0
HP,Notebook,8.0,Windows,1.84,101232.0,141.21199808219862,Intel Core i5,Intel,0,256,0,0
Asus,Notebook,4.0,Others/No OS/Linux,2.45,30849.12,100.45466986113652,Intel Core i5,Nvidia,1000,0,0,0
Asus,Notebook,4.0,Windows,2.37,45282.672,100.45466986113652,Intel Core i7,Intel,0,256,0,0
HP,Notebook,8.0,Windows,2.2,58554.72,141.21199808219862,Intel Core i5,Nvidia,1000,128,0,0
HP,Workstation,8.0,Windows,2.59,83170.08,141.21199808219862,Intel Core i7,Nvidia,0,256,0,0
Acer,Notebook,4.0,Windows,2.1,31914.72,100.45466986113652,Intel Core i5,Intel,0,256,0,0
Lenovo,Gaming,8.0,Windows,2.5,55837.44,141.21199808219862,Intel Core i7,Nvidia,1000,128,0,0
Dell,Notebook,4.0,Windows,1.65,45234.72,117.82653006268644,Intel Core i3,Intel,500,0,0,0
Acer,Notebook,4.0,Windows,1.6,34898.4,117.82653006268644,Intel Core i5,Intel,0,128,0,0
Asus,Notebook,4.0,Windows,2.8,25059.7152,90.58340172449304,Other Intel Processor,Nvidia,1000,0,0,0
Other,Ultrabook,8.0,Windows,1.31,85194.72,165.6321180513006,Intel Core i7,Intel,0,256,0,0
Acer,Notebook,4.0,Others/No OS/Linux,2.1,15877.44,100.45466986113652,Other Intel Processor,Intel,1000,0,0,0
Toshiba,Notebook,4.0,Windows,1.75,54345.6,111.93520355955212,Intel Core i5,Intel,0,128,0,0
Dell,Gaming,8.0,Windows,2.62,58554.72,141.21199808219862,Intel Core i7,Nvidia,1000,0,0,0
Asus,2 in 1 Convertible,12.0,Windows,2.3,44701.92,141.21199808219862,Intel Core i7,Nvidia,2000,0,0,0
Acer,Notebook,4.0,Windows,1.8,33886.08,157.3505121487356,Intel Core i3,Intel,0,128,0,0
Asus,Notebook,8.0,Windows,2.0,31003.632,141.21199808219862,Other Intel Processor,Intel,0,128,0,0
Lenovo,Notebook,8.0,Others/No OS/Linux,2.2,17529.12,100.45466986113652,Other Intel Processor,Intel,1000,0,0,0
MSI,Gaming,8.0,Windows,2.2,58021.92,141.21199808219862,Intel Core i5,Nvidia,1000,128,0,0
Lenovo,Gaming,4.0,Windows,2.4,53226.72,141.21199808219862,Intel Core i7,Nvidia,1000,0,0,0
Dell,Gaming,8.0,Windows,2.62,52480.8,141.21199808219862,Intel Core i5,Nvidia,0,256,0,0
Asus,Gaming,8.0,Windows,2.24,71341.92,141.21199808219862,Intel Core i7,Nvidia,1000,128,0,0
Other,Notebook,4.0,Windows,1.22,10810.512,157.3505121487356,Other Intel Processor,Intel,0,0,0,32
Lenovo,2 in 1 Convertible,8.0,Windows,1.37,104961.6,165.6321180513006,Intel Core i7,Intel,0,512,0,0
Lenovo,2 in 1 Convertible,8.0,Windows,2.08,51095.52,141.21199808219862,Intel Core i5,AMD,0,256,0,0
Lenovo,2 in 1 Convertible,8.0,Windows,1.42,124142.4,209.8006828649808,Intel Core i5,Intel,0,256,0,0
Asus,Notebook,4.0,Windows,1.63,15930.72,111.93520355955212,Other Intel Processor,Intel,0,0,0,32
Dell,Notebook,8.0,Windows,1.95,43156.8,100.45466986113652,Intel Core i5,Intel,0,128,0,0
Lenovo,2 in 1 Convertible,8.0,Windows,1.38,71874.72,158.48253022174808,Intel Core i7,Intel,0,256,0,0
Dell,Notebook,8.0,Windows,2.0,39373.92,141.21199808219862,Intel Core i3,AMD,0,256,0,0
HP,Workstation,8.0,Windows,3.14,110017.872,141.21199808219862,Intel Core i7,Nvidia,0,256,0,0
Asus,Notebook,8.0,Windows,2.37,58554.72,141.21199808219862,Intel Core i5,Intel,0,256,0,0
Dell,Ultrabook,8.0,Windows,1.29,79866.72,165.6321180513006,Intel Core i5,Intel,0,256,0,0
Dell,Netbook,4.0,Windows,1.63,39640.32,135.0942111925629,Other Intel Processor,Intel,0,128,0,0
HP,Netbook,8.0,Windows,1.26,74005.92,125.36742798669836,Intel Core i5,Intel,0,256,0,0
Toshiba,Notebook,4.0,Windows,2.1,41558.4,100.45466986113652,Intel Core i5,Intel,500,0,0,0
HP,Notebook,8.0,Windows,2.04,33513.12,100.45466986113652,AMD Processor,AMD,2000,0,0,0
Lenovo,Notebook,4.0,Windows,2.4,32447.52,141.21199808219862,Intel Core i5,Nvidia,1000,0,0,0
Other,Ultrabook,8.0,Windows,0.81,79866.72,165.6321180513006,Intel Core i5,Intel,0,256,0,0
Dell,Notebook,8.0,Windows,1.98,51202.08,141.21199808219862,Intel Core i7,Nvidia,1000,0,0,0
Dell,Notebook,8.0,Windows,2.18,42081.0768,141.21199808219862,Intel Core i5,AMD,0,256,0,0
Lenovo,Ultrabook,8.0,Windows,1.32,99047.52,157.3505121487356,Intel Core i7,Intel,0,256,0,0
HP,Netbook,4.0,Others/No OS/Linux,1.23,20512.8,135.0942111925629,Other Intel Processor,Intel,0,0,0,16
Dell,Notebook,4.0,Windows,1.76,40226.4,111.93520355955212,Intel Core i5,Intel,500,0,0,0
Lenovo,Notebook,4.0,Windows,2.1,26101.872,100.45466986113652,Intel Core i3,Intel,500,0,0,0
Toshiba,Ultrabook,4.0,Windows,1.25,58075.2,111.93520355955212,Intel Core i5,Intel,0,128,0,0
Lenovo,Ultrabook,8.0,Windows,1.13,133146.72,157.3505121487356,Intel Core i7,Intel,0,512,0,0
MSI,Gaming,8.0,Windows,2.4,63882.72,141.21199808219862,Intel Core i5,Nvidia,0,256,0,0
Lenovo,Ultrabook,8.0,Windows,1.13,99900.0,157.3505121487356,Intel Core i5,Intel,0,0,0,256
Toshiba,Notebook,4.0,Windows,1.75,26586.72,111.93520355955212,Other Intel Processor,Intel,0,128,0,0
Asus,2 in 1 Convertible,8.0,Windows,1.1,72354.24,165.6321180513006,Intel Core i5,Intel,0,256,0,0
Dell,Notebook,4.0,Windows,1.76,31168.8,111.93520355955212,Intel Core i3,Intel,500,0,0,0
Acer,Netbook,4.0,Others/No OS/Linux,1.35,18914.4,135.0942111925629,Other Intel Processor,Intel,0,0,0,32
Acer,Notebook,8.0,Windows,1.5,32980.32,157.3505121487356,Intel Core i3,Intel,0,128,0,0
Asus,Notebook,4.0,Others/No OS/Linux,2.1,27652.32,141.21199808219862,Intel Core i5,Nvidia,1000,0,0,0
Lenovo,Notebook,8.0,Windows,1.7,63190.08,157.3505121487356,Intel Core i5,Intel,0,256,0,0
Lenovo,Notebook,8.0,Windows,1.32,87912.0,157.3505121487356,Intel Core i5,Intel,0,256,0,0
Toshiba,Notebook,4.0,Windows,2.0,35644.32,100.45466986113652,Intel Core i3,Intel,500,0,0,0
Lenovo,Notebook,4.0,Others/No OS/Linux,1.5,17316.0,111.93520355955212,Other Intel Processor,Intel,0,0,0,16
Asus,Notebook,8.0,Windows,2.3,31435.2,141.21199808219862,Intel Core i5,Intel,128,0,0,0
HP,Notebook,8.0,Windows,2.63,48484.8,106.11306214269258,Intel Core i5,Nvidia,1000,0,0,0
Dell,Notebook,8.0,Windows,2.18,38041.3872,100.45466986113652,Intel Core i5,Intel,0,128,0,0
HP,Ultrabook,8.0,Windows,1.54,99633.6,157.3505121487356,Intel Core i7,Intel,0,512,0,0
Dell,Notebook,4.0,Windows,2.18,39373.92,141.21199808219862,Intel Core i7,AMD,0,256,0,0
HP,2 in 1 Convertible,4.0,Others/No OS/Linux,1.4,32767.2,135.0942111925629,Other Intel Processor,Intel,0,0,0,32
Asus,Ultrabook,8.0,Windows,1.45,54665.28,165.6321180513006,Intel Core i5,Nvidia,0,512,0,0
HP,2 in 1 Convertible,8.0,Windows,1.28,121318.56,165.6321180513006,Intel Core i5,Intel,0,256,0,0
HP,Ultrabook,8.0,Windows,1.54,78215.04,157.3505121487356,Intel Core i7,Intel,0,512,0,0
HP,Notebook,4.0,Others/No OS/Linux,1.86,15930.72,100.45466986113652,Other Intel Processor,Intel,0,128,0,0
Dell,Notebook,8.0,Others/No OS/Linux,2.83,46087.2,127.33567457123112,Intel Core i7,AMD,1000,0,0,0
Lenovo,Ultrabook,8.0,Windows,1.96,101391.84,157.3505121487356,Intel Core i7,Nvidia,0,256,0,0
Asus,Notebook,8.0,Windows,2.3,41931.36,141.21199808219862,Intel Core i7,Nvidia,0,256,0,0
Dell,Notebook,8.0,Windows,1.9,50349.6,141.21199808219862,Intel Core i5,Intel,0,128,0,0
Asus,Notebook,4.0,Windows,2.0,23922.72,100.45466986113652,Other Intel Processor,Intel,1000,0,0,0
HP,2 in 1 Convertible,8.0,Windows,1.28,136343.52,165.6321180513006,Intel Core i7,Intel,0,256,0,0
Dell,Notebook,8.0,Windows,1.62,34578.72,165.6321180513006,Intel Core i5,Intel,1000,0,0,0
Lenovo,Notebook,4.0,Others/No OS/Linux,2.2,24988.32,141.21199808219862,Intel Core i3,Intel,1000,0,0,0
Lenovo,Notebook,8.0,Windows,2.3,45323.1648,141.21199808219862,Intel Core i5,Intel,1000,0,0,0
HP,Notebook,8.0,Windows,1.84,71874.72,141.21199808219862,Intel Core i5,AMD,0,256,0,0
Toshiba,Notebook,4.0,Windows,1.05,68464.8,165.6321180513006,Intel Core i5,Intel,0,128,0,0
Lenovo,Gaming,8.0,Others/No OS/Linux,2.5,54185.76,141.21199808219862,Intel Core i5,Nvidia,1000,0,0,0
HP,Notebook,4.0,Windows,2.07,48484.8,141.21199808219862,Intel Core i5,Intel,500,0,0,0
Toshiba,Ultrabook,8.0,Windows,1.2,58341.6,117.82653006268644,Intel Core i5,Intel,0,256,0,0
Lenovo,2 in 1 Convertible,8.0,Windows,1.37,103896.0,165.6321180513006,Intel Core i7,Intel,0,256,0,0
Acer,Notebook,8.0,Windows,1.56,48058.56,157.3505121487356,Intel Core i5,Intel,0,256,0,0
Dell,Workstation,8.0,Windows,2.23,94731.84,141.21199808219862,Intel Core i7,Nvidia,1000,0,0,0
Lenovo,Notebook,4.0,Windows,2.38,56210.4,100.45466986113652,Intel Core i5,Intel,500,0,0,0
Lenovo,Notebook,4.0,Others/No OS/Linux,2.2,25521.12,141.21199808219862,Intel Core i3,AMD,1000,0,0,0
Toshiba,Notebook,8.0,Windows,2.0,73952.64,141.21199808219862,Intel Core i7,Intel,0,256,0,0
Lenovo,Notebook,4.0,Windows,1.44,39160.8,165.6321180513006,Intel Core i3,Intel,0,180,0,0
Dell,Ultrabook,8.0,Windows,1.6,90043.2,176.23257360658386,Intel Core i7,Intel,0,256,0,0
Asus,Notebook,4.0,Others/No OS/Linux,2.0,21258.1872,100.45466986113652,Other Intel Processor,Intel,1000,0,0,0
Other,Ultrabook,8.0,Windows,1.28,49816.8,165.6321180513006,Intel Core i5,Nvidia,0,256,0,0
Dell,Notebook,4.0,Windows,2.18,48618.0,141.21199808219862,Intel Core i5,Nvidia,1000,128,0,0
HP,Notebook,4.0,Windows,2.04,44701.92,141.21199808219862,Intel Core i5,Intel,0,256,0,0
HP,2 in 1 Convertible,4.0,Windows,1.28,90576.0,165.6321180513006,Intel Core i5,Intel,0,256,0,0
HP,2 in 1 Convertible,4.0,Windows,2.3,36486.144,100.45466986113652,Intel Core i5,Intel,500,0,0,0
Asus,Notebook,4.0,Windows,1.65,18541.44,111.1413368676404,Other Intel Processor,Intel,0,0,0,32
Lenovo,Notebook,8.0,Windows,2.2,35644.32,141.21199808219862,Intel Core i7,Nvidia,1000,0,0,0
Dell,Notebook,4.0,Windows,2.2,19660.32,100.45466986113652,Other Intel Processor,Intel,500,0,0,0
HP,2 in 1 Convertible,4.0,Windows,1.28,95850.72,165.6321180513006,Intel Core i5,Intel,0,256,0,0
Dell,Notebook,4.0,Others/No OS/Linux,2.18,24279.696,100.45466986113652,Intel Core i3,AMD,1000,0,0,0
Asus,Gaming,12.0,Windows,2.2,72988.272,127.33567457123112,Intel Core i5,Nvidia,1000,128,0,0
Acer,Netbook,4.0,Others/No OS/Linux,1.25,15824.16,135.0942111925629,Other Intel Processor,Intel,0,0,0,32
Lenovo,Notebook,4.0,Windows,2.8,20193.12,106.11306214269258,AMD Processor,AMD,500,0,0,0
HP,Notebook,4.0,Windows,1.95,67399.2,157.3505121487356,Intel Core i5,Intel,0,128,0,0
Other,Ultrabook,8.0,Windows,1.17,90522.72,146.86047800548656,Intel Core i7,Intel,0,256,0,0
Lenovo,Ultrabook,8.0,Windows,1.32,95850.72,157.3505121487356,Intel Core i5,Intel,0,256,0,0
Toshiba,Notebook,8.0,Windows,1.05,78588.0,165.6321180513006,Intel Core i5,Intel,0,256,0,0
Dell,Gaming,8.0,Others/No OS/Linux,2.62,49497.12,141.21199808219862,Intel Core i7,Nvidia,1000,0,0,0
HP,Notebook,8.0,Windows,2.04,47952.0,141.21199808219862,Intel Core i7,Nvidia,1000,0,0,0
Dell,Notebook,4.0,Windows,2.18,32713.92,100.45466986113652,Intel Core i3,AMD,1000,0,0,0
Dell,Notebook,8.0,Windows,1.9,49816.8,141.21199808219862,Intel Core i5,Intel,500,0,0,0
Lenovo,Ultrabook,8.0,Windows,1.13,109170.72,157.3505121487356,Intel Core i7,Intel,0,0,0,256
Lenovo,Notebook,8.0,Windows,1.95,104588.1072,141.21199808219862,Intel Core i5,Intel,0,512,0,0
HP,Netbook,8.0,Windows,1.26,79014.24,176.23257360658386,Intel Core i7,Intel,0,512,0,0
Acer,Notebook,4.0,Others/No OS/Linux,2.2,19127.52,141.21199808219862,Other Intel Processor,Intel,0,0,0,16
Lenovo,Notebook,8.0,Windows,2.6,42037.92,141.21199808219862,Intel Core i5,Nvidia,1000,128,0,0
Other,Ultrabook,8.0,Windows,0.98,101178.72,157.3505121487356,Intel Core i7,Intel,0,512,0,0
Dell,Notebook,8.0,Windows,1.6,64202.4,157.3505121487356,Intel Core i5,Intel,0,256,0,0
Lenovo,Notebook,6.0,Windows,2.2,42037.92,141.21199808219862,Intel Core i7,Nvidia,0,256,0,0
HP,Notebook,8.0,Windows,2.04,54291.7872,141.21199808219862,Intel Core i7,Nvidia,0,256,0,0
Acer,Notebook,4.0,Windows,2.4,26586.72,141.21199808219862,Intel Core i3,Intel,1000,0,0,0
Lenovo,Notebook,4.0,Windows,1.44,46939.68,165.6321180513006,Intel Core i5,Intel,0,128,0,0
HP,Notebook,8.0,Windows,1.49,51148.8,165.6321180513006,Intel Core i5,Intel,0,256,0,0
MSI,Gaming,8.0,Windows,2.2,59668.8048,141.21199808219862,Intel Core i5,Nvidia,1000,128,0,0
Dell,Notebook,4.0,Windows,2.18,36496.2672,100.45466986113652,Intel Core i5,AMD,1000,0,0,0
HP,Ultrabook,8.0,Windows,1.84,69103.6272,141.21199808219862,Intel Core i7,AMD,0,256,0,0
Lenovo,2 in 1 Convertible,8.0,Windows,1.37,97236.0,165.6321180513006,Intel Core i5,Intel,0,512,0,0
Dell,Notebook,4.0,Windows,1.95,38889.072,100.45466986113652,Intel Core i5,Intel,500,0,0,0
Lenovo,Ultrabook,8.0,Windows,1.36,87912.0,176.23257360658386,Intel Core i7,Intel,0,256,0,0
HP,Notebook,8.0,Windows,2.31,62071.2,141.21199808219862,Intel Core i5,Intel,0,256,0,0
Dell,Notebook,4.0,Windows,2.18,37725.4368,100.45466986113652,Intel Core i5,Intel,1000,0,0,0
HP,Notebook,4.0,Windows,1.95,61218.72,111.93520355955212,Intel Core i5,Intel,500,0,0,0
Lenovo,Notebook,4.0,Windows,2.2,16463.52,100.45466986113652,Other Intel Processor,Intel,1000,0,0,0
HP,Ultrabook,4.0,Windows,1.26,84129.12,176.23257360658386,Intel Core i5,Intel,500,0,0,0
HP,Notebook,4.0,Others/No OS/Linux,1.86,15392.592,100.45466986113652,Other Intel Processor,Intel,1000,0,0,0
Toshiba,Notebook,4.0,Windows,1.47,58874.4,157.3505121487356,Intel Core i5,Intel,0,128,0,0
HP,Netbook,8.0,Windows,1.26,88924.32,176.23257360658386,Intel Core i5,Intel,0,256,0,0
Dell,Notebook,4.0,Windows,2.18,29762.208,100.45466986113652,Intel Core i3,Intel,1000,0,0,0
MSI,Gaming,8.0,Windows,2.2,63882.72,141.21199808219862,Intel Core i7,Nvidia,1000,128,0,0
HP,Gaming,8.0,Windows,2.75,74538.72,127.33567457123112,Intel Core i5,Nvidia,1000,128,0,0
Asus,Notebook,4.0,Windows,2.8,28238.4,106.11306214269258,Other Intel Processor,Nvidia,1000,0,0,0
Acer,Notebook,4.0,Windows,2.23,32980.32,100.45466986113652,Intel Core i5,Intel,500,0,0,0
Toshiba,Notebook,8.0,Windows,2.2,59620.32,100.45466986113652,Intel Core i5,Intel,0,256,0,0
Lenovo,2 in 1 Convertible,8.0,Windows,1.1,69210.72,194.94753717542463,Other Intel Processor,Intel,0,256,0,0
Dell,Ultrabook,8.0,Windows,1.36,78438.816,176.23257360658386,Intel Core i5,Intel,0,256,0,0
Lenovo,Notebook,8.0,Others/No OS/Linux,2.2,36496.8,141.21199808219862,Intel Core i7,Nvidia,1000,0,0,0
Dell,Notebook,4.0,Windows,2.36,35111.52,106.11306214269258,Intel Core i3,AMD,1000,0,0,0
Acer,Notebook,4.0,Others/No OS/Linux,1.68,18594.72,111.93520355955212,Other Intel Processor,Intel,0,0,0,32
HP,Workstation,8.0,Windows,2.0,119826.72,141.21199808219862,Intel Core i7,Nvidia,0,8,0,0
Dell,Ultrabook,8.0,Windows,1.36,94572.0,157.3505121487356,Intel Core i7,Intel,0,256,0,0
Toshiba,Notebook,8.0,Windows,1.2,77788.8,165.6321180513006,Intel Core i5,Intel,0,256,0,0
Asus,2 in 1 Convertible,8.0,Others/No OS/Linux,1.2,61751.52,176.23257360658386,Other Intel Processor,Intel,0,0,0,64
Lenovo,Ultrabook,8.0,Windows,1.7,79333.3872,157.3505121487356,Intel Core i7,Intel,0,256,0,0
Dell,2 in 1 Convertible,8.0,Windows,1.24,101178.72,165.6321180513006,Intel Core i5,Intel,0,256,0,0
HP,2 in 1 Convertible,4.0,Windows,1.45,41292.0,135.0942111925629,Other Intel Processor,Intel,0,256,0,0
Acer,2 in 1 Convertible,4.0,Others/No OS/Linux,1.25,20725.92,135.0942111925629,Other Intel Processor,Intel,0,0,0,32
Toshiba,Notebook,8.0,Windows,1.2,81784.8,165.6321180513006,Intel Core i5,Intel,0,256,0,0
Lenovo,Ultrabook,8.0,Windows,1.36,93772.8,176.23257360658386,Intel Core i5,Intel,0,256,0,0
Acer,Notebook,12.0,Windows,2.4,53759.52,141.21199808219862,Intel Core i5,Nvidia,1000,128,0,0
Toshiba,Ultrabook,8.0,Windows,1.1,95371.2,176.23257360658386,Intel Core i7,Intel,0,512,0,0
HP,Notebook,8.0,Windows,2.04,45101.52,100.45466986113652,Intel Core i5,Nvidia,1000,0,0,0
Dell,Notebook,4.0,Others/No OS/Linux,2.25,24808.2336,100.45466986113652,Intel Core i3,AMD,1000,0,0,0
Dell,Notebook,4.0,Windows,1.9,43956.0,100.45466986113652,Intel Core i5,Intel,500,0,0,0
HP,Notebook,4.0,Windows,2.04,36496.8,141.21199808219862,Intel Core i3,Intel,500,0,0,0
Lenovo,Notebook,6.0,Windows,2.4,37029.6,141.21199808219862,Intel Core i5,Nvidia,0,256,0,0
Dell,Ultrabook,8.0,Windows,1.5,104587.5744,209.8006828649808,Intel Core i7,Intel,0,256,0,0
Toshiba,Notebook,8.0,Windows,1.95,62870.4,157.3505121487356,Intel Core i5,Intel,0,256,0,0
HP,Notebook,8.0,Windows,2.04,52161.12,141.21199808219862,Intel Core i5,Nvidia,1000,128,0,0
Lenovo,Notebook,4.0,Windows,1.7,53386.56,111.93520355955212,Intel Core i5,Intel,0,0,508,0
Dell,2 in 1 Convertible,12.0,Windows,2.19,69210.72,141.21199808219862,Intel Core i7,Intel,0,512,0,0
Toshiba,Notebook,4.0,Windows,1.2,63669.6,165.6321180513006,Intel Core i5,Intel,0,128,0,0
Lenovo,Notebook,6.0,Windows,2.2,29250.72,141.21199808219862,AMD Processor,AMD,0,256,0,0
Other,Notebook,4.0,Windows,2.3,34578.72,100.45466986113652,Intel Core i5,Intel,0,256,0,0
Toshiba,Notebook,4.0,Windows,1.75,48751.2,111.93520355955212,Intel Core i5,Intel,500,0,0,0
Dell,Notebook,4.0,Windows,2.25,31914.72,100.45466986113652,Intel Core i5,AMD,500,0,0,0
HP,Notebook,8.0,Windows,2.04,42943.68,141.21199808219862,Intel Core i5,Intel,1000,0,0,0
Lenovo,Gaming,8.0,Windows,2.5,63349.92,141.21199808219862,Intel Core i7,Nvidia,1000,128,0,0
Dell,Notebook,8.0,Windows,2.36,39906.72,100.45466986113652,Intel Core i7,AMD,1000,0,0,0
Dell,Notebook,8.0,Windows,1.6,59620.32,157.3505121487356,Intel Core i5,Intel,0,128,0,0
HP,Netbook,8.0,Windows,0.97,101658.24,176.23257360658386,Other Intel Processor,Intel,0,512,0,0
HP,Notebook,4.0,Windows,2.1,26586.72,141.21199808219862,Intel Core i3,AMD,1000,128,0,0
Lenovo,Notebook,4.0,Others/No OS/Linux,1.9,14418.6336,100.45466986113652,Other Intel Processor,Intel,0,128,0,0
Lenovo,Notebook,8.0,Windows,2.3,71874.72,141.21199808219862,Intel Core i5,Intel,0,256,0,0
HP,Ultrabook,8.0,Windows,1.11,71874.72,165.6321180513006,Intel Core i7,Intel,0,256,0,0
Acer,Notebook,4.0,Windows,2.4,20246.4,100.45466986113652,Other Intel Processor,Intel,500,0,0,0
HP,Ultrabook,8.0,Windows,1.48,111301.92,157.3505121487356,Intel Core i7,Intel,0,512,0,0
Acer,Gaming,8.0,Windows,2.7,67132.8,141.21199808219862,Intel Core i7,Nvidia,1000,128,0,0
HP,Notebook,8.0,Windows,1.34,63349.92,165.6321180513006,Intel Core i5,Intel,0,256,0,0
Dell,Notebook,4.0,Windows,2.18,29144.16,100.45466986113652,Intel Core i3,Intel,0,128,0,0
HP,Notebook,4.0,Windows,1.64,41505.12,111.93520355955212,Intel Core i5,Intel,500,0,0,0
Toshiba,Notebook,4.0,Windows,1.2,63669.6,165.6321180513006,Intel Core i5,Intel,0,128,0,0
HP,Notebook,4.0,Windows,1.48,58607.4672,111.93520355955212,Intel Core i5,Intel,0,256,0,0
HP,Notebook,4.0,Windows,1.95,64202.4,157.3505121487356,Intel Core i5,Intel,0,256,0,0
HP,Ultrabook,8.0,Windows,1.43,77202.72,157.3505121487356,Intel Core i7,Intel,0,256,0,0
HP,Notebook,8.0,Windows,1.64,55904.5728,157.3505121487356,Intel Core i5,Nvidia,0,256,0,0
HP,Notebook,4.0,Windows,1.64,36443.52,111.93520355955212,Intel Core i3,Intel,500,0,0,0
Dell,Gaming,8.0,Windows,2.65,50562.72,141.21199808219862,Intel Core i5,Nvidia,0,0,1000,0
HP,Ultrabook,4.0,Windows,1.26,81997.92,176.23257360658386,Intel Core i5,Intel,500,0,0,0
HP,Notebook,4.0,Windows,1.48,84715.2,157.3505121487356,Intel Core i5,Intel,0,256,0,0
HP,Ultrabook,8.0,Windows,1.54,100550.5488,157.3505121487356,Intel Core i7,Intel,0,256,0,0
HP,Notebook,4.0,Windows,1.49,42624.0,117.82653006268644,Intel Core i3,Intel,500,0,0,0
Toshiba,Notebook,8.0,Windows,1.5,64468.8,117.82653006268644,Intel Core i5,Intel,0,256,0,0
HP,Notebook,4.0,Windows,2.04,41025.0672,100.45466986113652,Intel Core i3,Intel,0,256,0,0
Toshiba,Notebook,8.0,Windows,1.47,79387.2,157.3505121487356,Intel Core i5,Intel,0,256,0,0
HP,Notebook,8.0,Windows,1.43,118761.12,157.3505121487356,Intel Core i7,Intel,0,256,0,0
Dell,2 in 1 Convertible,4.0,Windows,2.08,42410.3472,141.21199808219862,Intel Core i3,Intel,1000,0,0,0
Toshiba,Ultrabook,8.0,Windows,1.2,84715.2,165.6321180513006,Intel Core i5,Intel,0,256,0,0
HP,Notebook,8.0,Windows,1.11,61218.72,165.6321180513006,Intel Core i5,Intel,0,256,0,0
HP,Notebook,8.0,Windows,1.64,63159.7104,157.3505121487356,Intel Core i7,Nvidia,0,256,0,0
Dell,Notebook,8.0,Windows,2.09,55754.3232,141.21199808219862,Intel Core i5,Intel,500,0,0,0
HP,Ultrabook,4.0,Windows,1.26,83063.52,125.36742798669836,Intel Core i5,Intel,0,256,0,0
HP,Notebook,4.0,Windows,2.31,63349.92,111.93520355955212,Intel Core i5,Intel,500,0,0,0
HP,Notebook,4.0,Windows,1.95,56476.8,111.93520355955212,Intel Core i5,Intel,500,0,0,0
HP,Notebook,8.0,Windows,2.63,57542.4,127.33567457123112,Intel Core i5,Nvidia,0,256,0,0
HP,Notebook,4.0,Windows,1.64,51841.44,111.93520355955212,Intel Core i5,Intel,0,256,0,0
Acer,Notebook,6.0,Windows,2.1,21791.52,100.45466986113652,AMD Processor,AMD,1000,0,0,0
MSI,Gaming,8.0,Windows,2.7,63499.104,127.33567457123112,Intel Core i7,Nvidia,1000,128,0,0
HP,Notebook,8.0,Windows,1.95,63669.6,157.3505121487356,Intel Core i5,Intel,0,256,0,0
HP,Notebook,8.0,Windows,1.84,65480.5872,141.21199808219862,Intel Core i7,Intel,0,256,0,0
HP,Ultrabook,8.0,Windows,1.26,71874.72,176.23257360658386,Intel Core i7,Intel,0,256,0,0
HP,Notebook,4.0,Windows,2.04,39533.76,100.45466986113652,Intel Core i5,Intel,500,0,0,0
Toshiba,Ultrabook,8.0,Windows,1.47,91908.0,157.3505121487356,Intel Core i7,Intel,0,256,0,0
Dell,Notebook,8.0,Windows,2.09,56633.976,141.21199808219862,Intel Core i5,Intel,0,256,0,0
HP,Notebook,8.0,Windows,1.64,53839.9728,157.3505121487356,Intel Core i5,Intel,0,256,0,0
Lenovo,2 in 1 Convertible,4.0,Windows,1.8,45128.16,141.21199808219862,Intel Core i7,Intel,0,256,0,0
Other,Notebook,2.0,Windows,1.45,11231.424,111.93520355955212,Other Intel Processor,Intel,0,0,0,32
Lenovo,Notebook,8.0,Windows,2.3,55922.688,141.21199808219862,Intel Core i5,Intel,0,256,0,0
HP,Notebook,4.0,Windows,1.54,53280.0,157.3505121487356,Intel Core i5,Intel,500,0,0,0
HP,Notebook,8.0,Windows,1.84,112065.9552,141.21199808219862,Intel Core i5,Intel,500,256,0,0
HP,Notebook,8.0,Windows,1.43,78268.32,157.3505121487356,Intel Core i5,Intel,0,256,0,0
Asus,Netbook,4.0,Others/No OS/Linux,1.2,15339.312,135.0942111925629,Other Intel Processor,Intel,0,0,0,16
HP,Notebook,8.0,Windows,1.91,52161.12,141.21199808219862,Intel Core i7,Nvidia,1000,0,0,0
Dell,2 in 1 Convertible,8.0,Windows,2.3,58288.32,141.21199808219862,Intel Core i5,Intel,0,256,0,0
HP,Notebook,4.0,Windows,2.04,52161.12,100.45466986113652,Intel Core i5,Intel,0,256,0,0
HP,Notebook,4.0,Windows,2.31,37570.392,100.45466986113652,Intel Core i3,Intel,500,0,0,0
HP,Notebook,4.0,Others/No OS/Linux,1.96,26586.72,100.45466986113652,Intel Core i5,Intel,500,0,0,0
Acer,Notebook,8.0,Windows,2.4,23922.72,100.45466986113652,AMD Processor,AMD,1000,0,0,0
Dell,2 in 1 Convertible,12.0,Windows,1.6,69210.72,165.6321180513006,Intel Core i7,Intel,0,256,0,0
Dell,Notebook,4.0,Windows,2.25,29783.52,141.21199808219862,Intel Core i5,Intel,1000,0,0,0
Dell,Ultrabook,8.0,Windows,1.29,77682.24,165.6321180513006,Intel Core i7,Intel,0,256,0,0
Dell,2 in 1 Convertible,8.0,Windows,1.62,42517.9728,165.6321180513006,Intel Core i7,Intel,0,256,0,0
Dell,Notebook,4.0,Windows,2.06,25679.8944,100.45466986113652,Intel Core i3,Intel,500,0,0,0
HP,Notebook,4.0,Windows,2.31,63882.72,100.45466986113652,Intel Core i5,Intel,500,0,0,0
HP,Ultrabook,8.0,Windows,1.26,63882.72,176.23257360658386,Intel Core i5,Intel,0,256,0,0
HP,Notebook,8.0,Windows,1.49,58075.2,165.6321180513006,Intel Core i7,Intel,0,256,0,0
Lenovo,Ultrabook,8.0,Windows,1.3,91294.7472,176.23257360658386,Intel Core i7,Intel,0,256,0,0
Lenovo,Notebook,8.0,Windows,3.0,35111.52,106.11306214269258,Intel Core i5,AMD,1000,0,0,0
Lenovo,Notebook,4.0,Windows,2.3,52054.56,141.21199808219862,Intel Core i5,Nvidia,1000,0,0,0
Lenovo,Notebook,4.0,Windows,2.1,28771.2,100.45466986113652,Intel Core i5,Intel,500,0,0,0
HP,Notebook,4.0,Windows,2.31,50083.2,141.21199808219862,Intel Core i5,Intel,500,0,0,0
Lenovo,2 in 1 Convertible,4.0,Windows,0.69,34433.2656,224.17380907857276,Other Intel Processor,Intel,0,0,0,64
Dell,Notebook,8.0,Windows,2.18,39960.0,141.21199808219862,Intel Core i5,Intel,0,256,0,0
HP,Notebook,4.0,Windows,1.54,54931.1472,157.3505121487356,Intel Core i5,Intel,500,0,0,0
HP,Workstation,8.0,Windows,1.9,79653.6,141.21199808219862,Intel Core i7,AMD,0,256,0,0
Lenovo,Notebook,8.0,Windows,1.7,63882.72,157.3505121487356,Intel Core i5,Intel,0,180,0,0
Acer,Notebook,4.0,Windows,2.4,20619.36,100.45466986113652,AMD Processor,AMD,500,0,0,0
Dell,Notebook,4.0,Others/No OS/Linux,2.2,20965.1472,100.45466986113652,Other Intel Processor,Intel,500,0,0,0
HP,Notebook,4.0,Others/No OS/Linux,1.86,18434.3472,100.45466986113652,Intel Core i3,Intel,1000,0,0,0
Asus,Gaming,8.0,Windows,2.7,85194.72,127.33567457123112,Intel Core i7,Nvidia,1000,256,0,0
Dell,Ultrabook,4.0,Windows,1.4,43601.688,165.6321180513006,Intel Core i5,AMD,0,256,0,0
HP,Netbook,4.0,Windows,2.4,85194.72,125.36742798669836,Intel Core i5,Intel,0,128,0,0
Acer,Notebook,8.0,Windows,2.4,42570.72,141.21199808219862,Intel Core i5,Nvidia,1000,256,0,0
Dell,Notebook,8.0,Windows,2.36,34035.264,141.21199808219862,Intel Core i5,AMD,1000,0,0,0
MSI,Gaming,8.0,Windows,2.6,85194.72,127.33567457123112,Intel Core i7,Nvidia,0,256,0,0
HP,Notebook,4.0,Windows,1.96,26640.0,100.45466986113652,Other Intel Processor,Intel,1000,0,0,0
Dell,Ultrabook,4.0,Windows,1.5,60480.792,125.36742798669836,Intel Core i3,Intel,500,0,0,0
Dell,Ultrabook,4.0,Windows,1.5,62176.1616,125.36742798669836,Intel Core i3,Intel,0,128,0,0
Acer,Notebook,4.0,Others/No OS/Linux,2.2,11135.52,100.45466986113652,Other Intel Processor,Intel,0,16,0,0
Dell,Ultrabook,8.0,Windows,1.5,75289.968,125.36742798669836,Intel Core i5,Intel,0,256,0,0
MSI,Gaming,8.0,Windows,2.9,80516.2032,127.33567457123112,Intel Core i7,Nvidia,1000,128,0,0
Lenovo,2 in 1 Convertible,4.0,Windows,2.1,46193.76,141.21199808219862,Intel Core i5,Intel,0,256,0,0
HP,Notebook,4.0,Windows,2.1,21205.44,141.21199808219862,AMD Processor,AMD,1000,0,0,0
Dell,Notebook,4.0,Windows,2.24,40980.312,100.45466986113652,Intel Core i5,AMD,500,0,0,0
Lenovo,Notebook,4.0,Windows,2.1,22857.12,100.45466986113652,Intel Core i3,Intel,0,128,0,0
HP,Ultrabook,8.0,Windows,1.16,104908.32,165.6321180513006,Intel Core i7,Intel,0,512,0,0
Lenovo,2 in 1 Convertible,4.0,Others/No OS/Linux,0.69,29250.72,224.17380907857276,Other Intel Processor,Intel,0,0,0,64
Dell,Ultrabook,8.0,Windows,1.23,73473.12,165.6321180513006,Intel Core i7,Intel,0,256,0,0
Other,Notebook,4.0,Windows,1.35,10442.88,165.6321180513006,Other Intel Processor,Intel,0,0,0,32
HP,Notebook,8.0,Windows,1.16,90043.2,165.6321180513006,Intel Core i5,Intel,0,256,0,0
HP,Notebook,8.0,Windows,1.43,80612.64,157.3505121487356,Intel Core i5,Intel,0,256,0,0
Dell,Notebook,4.0,Others/No OS/Linux,2.09,27899.0064,100.45466986113652,Intel Core i5,Intel,500,0,0,0
Asus,Notebook,4.0,Windows,2.0,23176.8,100.45466986113652,Intel Core i3,Intel,1000,0,0,0
Lenovo,2 in 1 Convertible,8.0,Windows,1.8,88924.32,157.3505121487356,Intel Core i7,Intel,0,256,0,0
Lenovo,2 in 1 Convertible,4.0,Windows,0.69,25521.12,224.17380907857276,Other Intel Processor,Intel,0,0,0,64
HP,Ultrabook,8.0,Windows,1.26,100965.6,125.36742798669836,Intel Core i5,Intel,0,256,0,0
Lenovo,Gaming,8.0,Others/No OS/Linux,2.4,52693.92,141.21199808219862,Intel Core i5,Nvidia,1000,128,0,0
HP,Notebook,8.0,Windows,2.04,33513.12,100.45466986113652,Intel Core i7,Intel,2000,0,0,0
Lenovo,2 in 1 Convertible,8.0,Windows,1.8,109244.2464,157.3505121487356,Intel Core i7,Nvidia,0,512,0,0
Asus,Notebook,4.0,Windows,1.5,14811.84,111.93520355955212,Other Intel Processor,Intel,0,0,0,32
HP,Ultrabook,8.0,Windows,1.84,40066.56,141.21199808219862,Intel Core i7,Intel,0,256,0,0
Acer,Notebook,4.0,Windows,2.23,32820.48,141.21199808219862,Intel Core i5,Nvidia,1000,0,0,0
Dell,Notebook,8.0,Windows,2.5,41771.52,100.45466986113652,Intel Core i5,AMD,1000,0,0,0
HP,Ultrabook,8.0,Windows,1.88,115709.2416,141.21199808219862,Intel Core i7,Intel,0,256,0,0
MSI,Gaming,8.0,Windows,2.4,60888.384,141.21199808219862,Intel Core i7,Nvidia,1000,128,0,0
HP,2 in 1 Convertible,8.0,Windows,1.48,86793.12,165.6321180513006,Intel Core i5,Intel,0,256,0,0
HP,Workstation,8.0,Windows,2.59,118761.12,141.21199808219862,Intel Core i7,Nvidia,0,256,0,0
HP,2 in 1 Convertible,8.0,Windows,1.48,95850.72,220.84282406840083,Intel Core i7,Intel,0,256,0,0
HP,Workstation,8.0,Windows,2.0,101178.72,141.21199808219862,Intel Core i7,Nvidia,0,256,0,0
HP,Ultrabook,8.0,Windows,1.26,122381.496,176.23257360658386,Intel Core i7,Intel,0,256,0,0
Dell,Notebook,8.0,Windows,2.18,53807.472,141.21199808219862,Intel Core i7,Nvidia,0,256,0,0
HP,Notebook,8.0,Windows,1.88,84129.12,141.21199808219862,Intel Core i5,Intel,0,256,0,0
Lenovo,2 in 1 Convertible,8.0,Windows,1.27,124621.92,209.8006828649808,Intel Core i7,Intel,0,256,0,0
Lenovo,Notebook,4.0,Others/No OS/Linux,1.9,18061.92,100.45466986113652,Intel Core i3,Intel,1000,0,0,0
HP,Notebook,4.0,Windows,1.86,15824.16,100.45466986113652,AMD Processor,AMD,500,0,0,0
Lenovo,Notebook,8.0,Others/No OS/Linux,2.32,31914.72,141.21199808219862,Intel Core i5,AMD,1000,0,0,0
Dell,Gaming,8.0,Windows,2.62,63882.72,141.21199808219862,Intel Core i7,Nvidia,1000,0,0,0
HP,Notebook,4.0,Windows,1.91,25515.2592,141.21199808219862,AMD Processor,AMD,0,256,0,0
Lenovo,Ultrabook,12.0,Windows,1.4,122490.72,157.3505121487356,Intel Core i7,Intel,0,512,0,0
Lenovo,Notebook,8.0,Windows,2.5,42010.7472,141.21199808219862,Intel Core i5,AMD,0,0,1000,0
HP,2 in 1 Convertible,8.0,Windows,1.48,108744.48,220.84282406840083,Intel Core i7,Intel,0,512,0,0
Lenovo,Ultrabook,8.0,Windows,1.7,79866.72,157.3505121487356,Intel Core i7,Intel,0,256,0,0
HP,Gaming,8.0,Windows,2.62,47898.72,141.21199808219862,Intel Core i7,Nvidia,1000,0,0,0
Lenovo,Notebook,8.0,Windows,2.2,24455.52,100.45466986113652,Intel Core i3,Intel,1000,0,0,0
HP,Notebook,4.0,Others/No OS/Linux,2.1,25414.0272,100.45466986113652,Intel Core i5,Intel,500,0,0,0
Lenovo,Notebook,8.0,Windows,1.95,74059.2,141.21199808219862,Intel Core i5,Intel,0,256,0,0
Lenovo,Notebook,4.0,Windows,2.2,24935.04,141.21199808219862,Intel Core i3,Nvidia,1000,0,0,0
HP,Notebook,2.0,Windows,1.44,13266.72,111.93520355955212,Other Intel Processor,Intel,0,0,0,32
MSI,Gaming,8.0,Windows,2.2,44701.92,141.21199808219862,Intel Core i7,Nvidia,1000,0,0,0
HP,Notebook,8.0,Windows,1.96,36177.12,141.21199808219862,Intel Core i7,Intel,0,256,0,0
Asus,Notebook,4.0,Windows,2.2,19660.32,100.45466986113652,Other Intel Processor,Intel,500,0,0,0
Lenovo,Notebook,4.0,Others/No OS/Linux,2.1,21205.44,100.45466986113652,Intel Core i5,Intel,500,0,0,0
Lenovo,Notebook,8.0,Others/No OS/Linux,2.2,37775.52,141.21199808219862,Intel Core i7,Nvidia,1000,0,0,0
Asus,Notebook,4.0,Windows,2.0,40972.32,157.3505121487356,Intel Core i3,Intel,0,256,0,0
Lenovo,Notebook,4.0,Windows,2.32,43956.0,141.21199808219862,Intel Core i7,Intel,0,0,1000,0
HP,Notebook,4.0,Windows,2.07,34632.0,100.45466986113652,Intel Core i3,Intel,500,0,0,0
Lenovo,2 in 1 Convertible,8.0,Windows,1.36,87219.36,209.8006828649808,Intel Core i5,Intel,0,256,0,0
Lenovo,Ultrabook,6.0,Windows,1.54,44275.68,141.21199808219862,Intel Core i7,Nvidia,0,256,0,0
Dell,Notebook,8.0,Others/No OS/Linux,1.98,47686.1328,141.21199808219862,Intel Core i7,Nvidia,0,256,0,0
Acer,Notebook,4.0,Windows,2.1,17742.24,100.45466986113652,Other Intel Processor,Intel,500,0,0,0
HP,Notebook,6.0,Windows,2.18,42570.72,141.21199808219862,Intel Core i7,Nvidia,1000,0,0,0
Asus,Gaming,8.0,Windows,2.591,48431.52,141.21199808219862,Intel Core i7,Nvidia,1000,256,0,0
Acer,Notebook,4.0,Windows,2.23,36816.48,141.21199808219862,Intel Core i5,Nvidia,0,256,0,0
Lenovo,Gaming,8.0,Windows,2.4,43636.32,141.21199808219862,Intel Core i5,Nvidia,1000,0,0,0
HP,Notebook,4.0,Windows,1.86,25840.8,100.45466986113652,Intel Core i5,Intel,500,0,0,0
Dell,2 in 1 Convertible,8.0,Windows,1.6,63882.72,165.6321180513006,Intel Core i5,Intel,0,256,0,0
HP,Notebook,12.0,Windows,2.21,70702.56,141.21199808219862,Intel Core i7,Nvidia,1000,128,0,0
Lenovo,Notebook,4.0,Others/No OS/Linux,1.9,19607.04,100.45466986113652,Intel Core i3,AMD,1000,0,0,0
Acer,Notebook,4.0,Others/No OS/Linux,2.1,14492.16,100.45466986113652,Other Intel Processor,Intel,1000,0,0,0
Dell,Notebook,4.0,Windows,2.3,26586.72,100.45466986113652,Intel Core i3,AMD,0,128,0,0
Lenovo,Notebook,8.0,Others/No OS/Linux,2.2,33513.12,100.45466986113652,Intel Core i7,Nvidia,500,0,0,0
Asus,Gaming,8.0,Windows,2.2,62284.32,141.21199808219862,Intel Core i7,Nvidia,1000,0,0,0
Dell,Notebook,8.0,Windows,2.36,47365.92,141.21199808219862,Intel Core i5,AMD,0,256,0,0
HP,Notebook,8.0,Windows,1.91,30849.12,100.45466986113652,Intel Core i5,Intel,0,256,0,0
Lenovo,Notebook,4.0,Windows,2.2,15930.72,100.45466986113652,AMD Processor,AMD,500,0,0,0
Dell,2 in 1 Convertible,8.0,Windows,2.191,53226.72,141.21199808219862,Intel Core i5,Intel,0,256,0,0
Acer,Netbook,2.0,Others/No OS/Linux,1.3,9270.72,135.0942111925629,Other Intel Processor,Intel,0,32,0,0
Lenovo,Notebook,8.0,Others/No OS/Linux,2.8,28717.92,106.11306214269258,Intel Core i5,Intel,1000,0,0,0
Lenovo,Gaming,8.0,Windows,2.6,67772.16,141.21199808219862,Intel Core i7,Nvidia,1000,128,0,0
Acer,2 in 1 Convertible,8.0,Windows,1.2,61218.72,157.3505121487356,Intel Core i7,Intel,0,256,0,0
Lenovo,Notebook,8.0,Windows,2.3,81465.12,141.21199808219862,Intel Core i7,Intel,0,256,0,0
MSI,Gaming,8.0,Windows,2.2,78647.1408,141.21199808219862,Intel Core i7,Nvidia,1000,128,0,0
HP,Notebook,6.0,Windows,2.1,28185.12,141.21199808219862,AMD Processor,AMD,1000,0,0,0
Dell,Ultrabook,8.0,Windows,1.26,91288.3536,176.23257360658386,Intel Core i5,Intel,0,256,0,0
Dell,2 in 1 Convertible,4.0,Windows,2.08,27119.52,146.86047800548656,Intel Core i3,Intel,500,0,0,0
Asus,Notebook,4.0,Windows,2.65,16463.52,100.45466986113652,Other Intel Processor,Intel,1000,0,0,0
Dell,Notebook,4.0,Others/No OS/Linux,2.18,27804.7008,100.45466986113652,Intel Core i5,Intel,1000,0,0,0
MSI,Gaming,8.0,Windows,2.2,61218.72,141.21199808219862,Intel Core i7,Nvidia,1000,128,0,0
Dell,Notebook,8.0,Windows,2.3,24988.8528,100.45466986113652,Intel Core i3,Intel,1000,0,0,0
Apple,Ultrabook,4.0,Mac,1.08,51095.52,135.0942111925629,Intel Core i5,Intel,0,0,0,256
HP,Notebook,4.0,Windows,2.1,25467.84,141.21199808219862,Intel Core i3,Intel,1000,0,0,0
HP,Ultrabook,8.0,Windows,1.54,117119.5632,209.8006828649808,Intel Core i7,Intel,0,256,0,0
Dell,Notebook,4.0,Windows,2.24,39267.36,100.45466986113652,Intel Core i5,Intel,500,0,0,0
MSI,Gaming,8.0,Windows,2.3,62284.32,141.21199808219862,Intel Core i7,Nvidia,1000,128,0,0
Lenovo,Notebook,6.0,Windows,2.2,31838.5296,141.21199808219862,AMD Processor,AMD,0,256,0,0
Asus,Ultrabook,8.0,Windows,1.45,68198.4,165.6321180513006,Intel Core i7,Intel,0,256,0,0
Acer,Notebook,4.0,Others/No OS/Linux,2.4,19276.704,100.45466986113652,Intel Core i3,Intel,500,0,0,0
HP,Notebook,4.0,Windows,1.54,58607.4672,157.3505121487356,Intel Core i5,Intel,0,256,0,0
Dell,Notebook,4.0,Windows,1.6,46620.0,111.93520355955212,Intel Core i5,Intel,500,0,0,0
Lenovo,Notebook,8.0,Others/No OS/Linux,2.3,30529.44,141.21199808219862,Intel Core i5,Intel,0,256,0,0
Dell,Notebook,4.0,Others/No OS/Linux,2.2,17262.72,100.45466986113652,Other Intel Processor,Intel,500,0,0,0
HP,Notebook,4.0,Windows,1.86,21258.72,100.45466986113652,AMD Processor,AMD,500,0,0,0
Lenovo,Notebook,6.0,Windows,2.4,30316.32,141.21199808219862,Intel Core i3,Nvidia,0,128,0,0
Lenovo,Notebook,8.0,Windows,1.9,57116.16,157.3505121487356,Intel Core i5,Intel,0,256,0,0
Dell,Notebook,4.0,Windows,2.2,23655.7872,100.45466986113652,Other Intel Processor,Intel,500,0,0,0
Asus,Notebook,4.0,Windows,2.0,18061.92,100.45466986113652,Other Intel Processor,Intel,1000,0,0,0
Dell,Notebook,4.0,Windows,2.29,26107.2,100.45466986113652,Intel Core i3,Intel,500,0,0,0
Lenovo,Notebook,8.0,Windows,2.32,47685.6,141.21199808219862,Intel Core i7,AMD,0,0,1000,0
MSI,Gaming,8.0,Windows,2.4,65481.12,141.21199808219862,Intel Core i7,Nvidia,1000,128,0,0
Lenovo,2 in 1 Convertible,4.0,Windows,1.8,44382.7728,157.3505121487356,Intel Core i5,Intel,0,128,0,0
Asus,Ultrabook,8.0,Windows,1.2,38841.12,165.6321180513006,Other Intel Processor,Intel,0,512,0,0
Dell,Notebook,6.0,Windows,2.3,24455.52,100.45466986113652,Intel Core i3,Intel,1000,0,0,0
Acer,Notebook,4.0,Others/No OS/Linux,2.4,15397.92,100.45466986113652,Other Intel Processor,Intel,500,0,0,0
Dell,Notebook,2.0,Windows,2.2,20193.12,100.45466986113652,Other Intel Processor,Intel,500,0,0,0
Lenovo,Notebook,8.0,Windows,2.6,47898.72,141.21199808219862,Intel Core i7,Nvidia,1000,0,0,0
HP,Notebook,6.0,Windows,2.04,29303.4672,141.21199808219862,AMD Processor,AMD,0,0,1000,0
Dell,Notebook,8.0,Others/No OS/Linux,2.3,42943.1472,100.45466986113652,Intel Core i7,AMD,1000,0,0,0
HP,Netbook,2.0,Windows,1.17,11135.52,135.0942111925629,Other Intel Processor,Intel,0,0,0,32
Asus,Notebook,4.0,Windows,2.2,38378.6496,100.45466986113652,Intel Core i7,Nvidia,500,0,0,0
Lenovo,2 in 1 Convertible,4.0,Windows,1.8,33992.64,157.3505121487356,Intel Core i7,Intel,0,128,0,0
Lenovo,Notebook,2.0,Windows,1.5,12201.12,111.93520355955212,Other Intel Processor,Intel,0,0,0,64
HP,Notebook,6.0,Windows,2.19,40705.92,100.45466986113652,Intel Core i7,AMD,1000,0,0,0
